Date,GAU/TRY Close,USD/TRY Close,BIST 30 Futures Close,HST Borrowing Instruments Fund NAV
1970-01-01 00:00:00.000045048,1262.642,19.4461,5470.25,0.414917
1970-01-01 00:00:00.000045049,1285.267,19.4581,5486.5,0.417003
1970-01-01 00:00:00.000045050,1284.751,19.4926,5377.75,0.418399
1970-01-01 00:00:00.000045051,1264.656,19.5172,5225.0,0.418399
1970-01-01 00:00:00.000045054,1267.9,19.4994,5481.0,0.418183
1970-01-01 00:00:00.000045055,1278.032,19.5016,5423.75,0.418162
1970-01-01 00:00:00.000045056,1276.647,19.5378,5414.5,0.418358
1970-01-01 00:00:00.000045057,1268.891,19.5404,5955.0,0.417964
1970-01-01 00:00:00.000045058,1265.868,19.56,5825.75,0.417394
1970-01-01 00:00:00.000045061,1275.172,19.652,5243.25,0.417099
1970-01-01 00:00:00.000045062,1262.592,19.7229,5341.0,0.424331
1970-01-01 00:00:00.000045063,1260.611,19.7422,5390.25,0.430361
1970-01-01 00:00:00.000045064,1247.759,19.7844,5164.25,0.431561
1970-01-01 00:00:00.000045068,1257.912,19.8308,5154.5,0.436556
1970-01-01 00:00:00.000045069,1261.825,19.8458,5218.75,0.435919
1970-01-01 00:00:00.000045070,1254.657,19.8897,5151.0,0.434595
1970-01-01 00:00:00.000045071,1251.168,19.9319,5112.25,0.432747
1970-01-01 00:00:00.000045072,1250.284,19.9309,5354.0,0.432574
1970-01-01 00:00:00.000045075,1258.027,20.0919,5512.5,0.434288
1970-01-01 00:00:00.000045076,1297.968,20.4706,5844.75,0.435318
1970-01-01 00:00:00.000045077,1312.416,20.7973,5792.25,0.432694
1970-01-01 00:00:00.000045078,1328.323,20.7988,5811.75,0.432865
1970-01-01 00:00:00.000045079,1314.535,20.9589,5961.75,0.429939
1970-01-01 00:00:00.000045082,1341.74,21.259,6222.0,0.429441
1970-01-01 00:00:00.000045083,1386.293,21.5719,6295.25,0.423608
1970-01-01 00:00:00.000045084,1456.666,23.2458,6562.25,0.424095
1970-01-01 00:00:00.000045085,1485.199,23.1219,6520.5,0.423424
1970-01-01 00:00:00.000045086,1475.223,23.3673,6512.25,0.423577
1970-01-01 00:00:00.000045089,1491.31,23.6208,6438.5,0.423539
1970-01-01 00:00:00.000045090,1477.686,23.6215,6191.5,0.423389
1970-01-01 00:00:00.000045091,1474.386,23.5483,6072.0,0.423671
1970-01-01 00:00:00.000045092,1490.329,23.6576,6254.25,0.424085
1970-01-01 00:00:00.000045093,1486.821,23.6154,6159.25,0.424308
1970-01-01 00:00:00.000045096,1480.617,23.6085,5943.75,0.424814
1970-01-01 00:00:00.000045097,1468.635,23.5506,5863.5,0.425096
1970-01-01 00:00:00.000045098,1465.072,23.5273,5815.25,0.425393
1970-01-01 00:00:00.000045099,1532.03,24.8877,6075.25,0.425379
1970-01-01 00:00:00.000045100,1558.755,25.233,6235.0,0.42494
1970-01-01 00:00:00.000045103,1612.834,25.9137,6404.75,0.428557
1970-01-01 00:00:00.000045104,1602.033,26.0014,6630.75,0.428148
1970-01-01 00:00:00.000045110,1600.303,25.9059,7015.25,0.429444
1970-01-01 00:00:00.000045111,1609.337,25.9966,6987.5,0.429877
1970-01-01 00:00:00.000045112,1611.703,26.0732,7176.75,0.432362
1970-01-01 00:00:00.000045113,1606.754,26.0823,7108.5,0.433292
1970-01-01 00:00:00.000045114,1612.934,26.0552,7128.5,0.433373
1970-01-01 00:00:00.000045117,1621.514,26.0952,7165.5,0.434749
1970-01-01 00:00:00.000045118,1623.188,25.9922,7287.75,0.434861
1970-01-01 00:00:00.000045119,1649.443,26.1328,7289.5,0.434823
1970-01-01 00:00:00.000045120,1642.46,26.0026,7289.25,0.435113
1970-01-01 00:00:00.000045121,1647.613,26.0953,7326.75,0.435185
1970-01-01 00:00:00.000045124,1659.473,26.3351,7504.25,0.435573
1970-01-01 00:00:00.000045125,1712.584,26.9187,7240.0,0.437664
1970-01-01 00:00:00.000045126,1705.827,26.7736,7466.5,0.439464
1970-01-01 00:00:00.000045127,1702.245,26.7257,7571.25,0.43912
1970-01-01 00:00:00.000045128,1701.881,26.9729,7497.0,0.438066
1970-01-01 00:00:00.000045131,1698.696,26.9217,7446.75,0.440566
1970-01-01 00:00:00.000045132,1701.653,26.8918,7341.25,0.44036
1970-01-01 00:00:00.000045133,1707.561,26.9177,7525.75,0.440711
1970-01-01 00:00:00.000045134,1688.707,26.9392,7673.75,0.444596
1970-01-01 00:00:00.000045135,1695.043,26.9003,7990.25,0.44472
1970-01-01 00:00:00.000045138,1701.08,26.8955,8096.5,0.445281
1970-01-01 00:00:00.000045139,1693.842,26.8938,7969.25,0.445181
1970-01-01 00:00:00.000045140,1678.741,26.9564,8110.5,0.445394
1970-01-01 00:00:00.000045141,1692.133,26.967,7975.5,0.445506
1970-01-01 00:00:00.000045142,1683.683,26.9371,8239.75,0.445802
1970-01-01 00:00:00.000045145,1681.898,26.9746,8277.5,0.446591
1970-01-01 00:00:00.000045146,1675.084,26.9794,8195.0,0.446501
1970-01-01 00:00:00.000045147,1663.517,26.9891,8514.75,0.446572
1970-01-01 00:00:00.000045148,1667.691,26.9986,8257.25,0.446572
1970-01-01 00:00:00.000045149,1666.54,26.8632,8546.0,0.446832
1970-01-01 00:00:00.000045152,1660.137,27.0136,8496.25,0.449284
1970-01-01 00:00:00.000045153,1655.201,27.044,8410.5,0.448984
1970-01-01 00:00:00.000045154,1649.719,27.0381,8340.5,0.445673
1970-01-01 00:00:00.000045155,1649.797,27.0317,8448.0,0.447956
1970-01-01 00:00:00.000045156,1646.544,27.0307,8140.0,0.451486
1970-01-01 00:00:00.000045159,1657.146,27.139,8497.25,0.452228
1970-01-01 00:00:00.000045160,1661.275,27.1866,8366.5,0.452024
1970-01-01 00:00:00.000045161,1677.301,27.1792,8147.75,0.451936
1970-01-01 00:00:00.000045162,1595.951,25.7824,8083.0,0.452161
1970-01-01 00:00:00.000045163,1634.709,26.5465,8314.25,0.45223
1970-01-01 00:00:00.000045166,1625.413,26.503,8531.25,0.446844
1970-01-01 00:00:00.000045167,1653.842,26.5544,8475.25,0.445382
1970-01-01 00:00:00.000045169,1665.03,26.6502,8452.75,0.446373
1970-01-01 00:00:00.000045170,1666.543,26.6311,8898.75,0.446547
1970-01-01 00:00:00.000045173,1668.274,26.7395,8983.75,0.446643
1970-01-01 00:00:00.000045174,1658.51,26.7646,9105.5,0.446745
1970-01-01 00:00:00.000045175,1651.746,26.7923,9041.25,0.446872
1970-01-01 00:00:00.000045176,1658.97,26.7827,9169.5,0.447422
1970-01-01 00:00:00.000045177,1656.834,26.8228,9153.5,0.44636
1970-01-01 00:00:00.000045180,1661.659,26.8047,8926.5,0.446531
1970-01-01 00:00:00.000045181,1656.078,26.8494,8858.75,0.443783
1970-01-01 00:00:00.000045182,1650.486,26.9215,8739.5,0.441698
1970-01-01 00:00:00.000045183,1655.096,26.8625,8875.0,0.441167
1970-01-01 00:00:00.000045184,1669.201,26.9191,8651.25,0.439494
1970-01-01 00:00:00.000045187,1678.803,27.0121,8390.0,0.440387
1970-01-01 00:00:00.000045188,1678.286,26.944,8452.5,0.43707
1970-01-01 00:00:00.000045189,1676.204,26.9806,8396.75,0.436974
1970-01-01 00:00:00.000045190,1675.392,27.1121,8679.75,0.439565
1970-01-01 00:00:00.000045191,1682.093,27.1038,8670.75,0.439173
1970-01-01 00:00:00.000045194,1677.432,27.1807,8955.25,0.440647
1970-01-01 00:00:00.000045195,1672.007,27.2514,8869.0,0.439748
1970-01-01 00:00:00.000045196,1650.37,26.8303,8849.5,0.439868
1970-01-01 00:00:00.000045197,1648.241,27.3628,8883.0,0.439549
1970-01-01 00:00:00.000045198,1629.16,27.3712,9078.75,0.440358
1970-01-01 00:00:00.000045201,1611.734,27.4241,9191.25,0.441481
1970-01-01 00:00:00.000045202,1614.738,27.4633,9179.25,0.44201
1970-01-01 00:00:00.000045203,1615.035,27.4944,8942.25,0.44219
1970-01-01 00:00:00.000045204,1615.474,27.5067,9066.5,0.443333
1970-01-01 00:00:00.000045205,1627.162,27.5405,9005.75,0.443589
1970-01-01 00:00:00.000045208,1660.238,27.665,8761.5,0.444529
1970-01-01 00:00:00.000045209,1658.47,27.705,8974.25,0.444676
1970-01-01 00:00:00.000045210,1671.653,27.6979,8870.0,0.4451
1970-01-01 00:00:00.000045211,1675.346,27.695,8741.0,0.445248
1970-01-01 00:00:00.000045212,1727.38,27.7612,8612.5,0.445433
1970-01-01 00:00:00.000045215,1720.283,27.8552,8480.25,0.445813
1970-01-01 00:00:00.000045216,1730.611,27.9187,8622.0,0.446122
1970-01-01 00:00:00.000045217,1759.212,27.9978,8315.5,0.44662
1970-01-01 00:00:00.000045218,1781.947,27.9569,8168.75,0.447526
1970-01-01 00:00:00.000045219,1783.104,27.9483,7878.0,0.447691
1970-01-01 00:00:00.000045222,1782.354,28.0588,8139.25,0.448695
1970-01-01 00:00:00.000045223,1784.99,28.1008,8351.25,0.449457
1970-01-01 00:00:00.000045224,1794.868,28.1139,7787.5,0.447739
1970-01-01 00:00:00.000045225,1797.46,28.1282,7953.5,0.448086
1970-01-01 00:00:00.000045226,1818.242,28.1636,8013.5,0.448416
1970-01-01 00:00:00.000045229,1813.688,28.2289,8003.25,0.44852
1970-01-01 00:00:00.000045230,1805.389,28.2752,7844.25,0.449542
1970-01-01 00:00:00.000045231,1808.22,28.3125,8251.0,0.449806
1970-01-01 00:00:00.000045232,1813.976,28.3161,8378.25,0.450173
1970-01-01 00:00:00.000045233,1818.782,28.3775,8469.0,0.449455
1970-01-01 00:00:00.000045236,1808.337,28.3618,8636.75,0.45013
1970-01-01 00:00:00.000045237,1804.195,28.4483,8635.75,0.450519
1970-01-01 00:00:00.000045238,1789.056,28.4324,8650.0,0.449198
1970-01-01 00:00:00.000045239,1796.875,28.411,8605.0,0.447573
1970-01-01 00:00:00.000045240,1779.61,28.5251,8485.75,0.448216
1970-01-01 00:00:00.000045243,1790.593,28.5604,8309.5,0.449194
1970-01-01 00:00:00.000045244,1807.203,28.6189,8456.75,0.448944
1970-01-01 00:00:00.000045245,1807.86,28.6553,8436.25,0.448965
1970-01-01 00:00:00.000045246,1829.71,28.5422,8557.25,0.449514
1970-01-01 00:00:00.000045247,1827.36,28.6545,8648.75,0.450888
1970-01-01 00:00:00.000045250,1833.715,28.69,8749.25,0.454107
1970-01-01 00:00:00.000045251,1851.398,28.7688,8862.75,0.454889
1970-01-01 00:00:00.000045252,1845.58,28.8282,8826.5,0.455105
1970-01-01 00:00:00.000045253,1848.809,28.7799,8694.0,0.455194
1970-01-01 00:00:00.000045254,1858.175,28.8606,8762.75,0.455681
1970-01-01 00:00:00.000045257,1873.395,28.8823,8987.0,0.457077
1970-01-01 00:00:00.000045258,1901.201,28.89,8976.25,0.458114
1970-01-01 00:00:00.000045259,1902.965,28.8787,8975.75,0.459057
1970-01-01 00:00:00.000045260,1894.998,28.8552,8806.25,0.460609
1970-01-01 00:00:00.000045261,1924.508,28.8885,8902.75,0.466176
1970-01-01 00:00:00.000045264,1890.908,28.9293,8977.75,0.478581
1970-01-01 00:00:00.000045265,1877.067,28.8724,8900.75,0.476614
1970-01-01 00:00:00.000045266,1884.629,28.8728,8696.0,0.479923
1970-01-01 00:00:00.000045267,1885.5,28.9211,8773.75,0.481771
1970-01-01 00:00:00.000045268,1867.287,28.8557,8672.25,0.481915
1970-01-01 00:00:00.000045271,1846.674,28.9434,8476.0,0.481015
1970-01-01 00:00:00.000045272,1850.418,28.9031,8501.25,0.480581
1970-01-01 00:00:00.000045273,1894.878,28.9457,8298.25,0.482818
1970-01-01 00:00:00.000045274,1897.2,28.9673,8621.25,0.483722
1970-01-01 00:00:00.000045275,1882.479,28.9511,8784.25,0.486086
1970-01-01 00:00:00.000045278,1894.348,29.0376,8587.0,0.489051
1970-01-01 00:00:00.000045279,1909.085,29.0701,8475.75,0.492124
1970-01-01 00:00:00.000045280,1903.358,29.1117,8452.0,0.494227
1970-01-01 00:00:00.000045281,1923.005,29.1056,8519.25,0.495255
1970-01-01 00:00:00.000045282,1929.026,29.1982,8261.75,0.495146
1970-01-01 00:00:00.000045285,1936.275,29.2464,7985.5,0.494433
1970-01-01 00:00:00.000045286,1947.211,29.1831,8005.0,0.494814
1970-01-01 00:00:00.000045287,1964.872,29.3733,7941.75,0.494424
1970-01-01 00:00:00.000045288,1960.834,29.4094,8005.0,0.496191
1970-01-01 00:00:00.000045289,1940.317,29.4766,8025.75,0.494286
1970-01-01 00:00:00.000045293,1969.953,29.677,8668.25,0.493059
1970-01-01 00:00:00.000045294,1956.835,29.6927,8466.75,0.490938
1970-01-01 00:00:00.000045295,1961.894,29.749,8606.25,0.487019
1970-01-01 00:00:00.000045296,1959.263,29.8202,8684.5,0.485443
1970-01-01 00:00:00.000045299,1953.952,29.8761,8923.75,0.48287
1970-01-01 00:00:00.000045300,1956.862,29.8658,8858.75,0.483109
1970-01-01 00:00:00.000045301,1945.685,29.9519,9040.0,0.491001
1970-01-01 00:00:00.000045302,1967.421,29.9642,9023.75,0.492892
1970-01-01 00:00:00.000045303,1983.503,30.0636,9069.0,0.49116
1970-01-01 00:00:00.000045306,1987.48,30.0743,9147.25,0.491539
1970-01-01 00:00:00.000045307,1964.239,30.0168,9114.0,0.487933
1970-01-01 00:00:00.000045308,1947.772,30.0906,9065.5,0.487043
1970-01-01 00:00:00.000045309,1962.243,30.1101,9006.75,0.486028
1970-01-01 00:00:00.000045310,1969.589,30.2017,8936.5,0.486217
1970-01-01 00:00:00.000045313,1966.523,30.2192,8973.25,0.487934
1970-01-01 00:00:00.000045314,1976.077,30.2182,8883.25,0.486802
1970-01-01 00:00:00.000045315,1961.354,30.2285,9070.5,0.488761
1970-01-01 00:00:00.000045316,1968.801,30.2347,9087.5,0.488195
1970-01-01 00:00:00.000045317,1967.092,30.2743,9300.0,0.491759
1970-01-01 00:00:00.000045320,1982.323,30.3123,9412.75,0.490665
1970-01-01 00:00:00.000045321,1988.106,30.3239,9397.0,0.490895
1970-01-01 00:00:00.000045322,1991.522,30.3151,9436.75,0.491775
1970-01-01 00:00:00.000045323,2011.491,30.27,9518.75,0.492239
1970-01-01 00:00:00.000045324,2001.147,30.399,9515.25,0.493593
1970-01-01 00:00:00.000045327,1989.08,30.5341,9631.75,0.495024
1970-01-01 00:00:00.000045328,2000.863,30.3276,9659.5,0.495146
1970-01-01 00:00:00.000045329,2003.212,30.5401,9644.75,0.495868
1970-01-01 00:00:00.000045330,2006.256,30.5696,9683.75,0.499334
1970-01-01 00:00:00.000045331,1997.269,30.558,9791.5,0.499071
1970-01-01 00:00:00.000045334,1993.934,30.6403,9913.5,0.498662
1970-01-01 00:00:00.000045335,1967.364,30.7148,9729.75,0.499583
1970-01-01 00:00:00.000045336,1971.507,30.7349,9813.75,0.502906
1970-01-01 00:00:00.000045337,1984.543,30.718,10000.25,0.503728
1970-01-01 00:00:00.000045338,1996.175,30.8182,9958.0,0.504703
1970-01-01 00:00:00.000045341,2001.443,30.8121,9913.75,0.50561
1970-01-01 00:00:00.000045342,2012.119,30.8981,10084.75,0.507597
1970-01-01 00:00:00.000045343,2020.578,30.9057,10039.25,0.50618
1970-01-01 00:00:00.000045344,2022.395,30.8793,10002.75,0.506008
1970-01-01 00:00:00.000045345,2016.98,30.9651,10039.0,0.503092
1970-01-01 00:00:00.000045348,2033.536,31.043,9947.25,0.504819
1970-01-01 00:00:00.000045349,2033.34,31.0735,9757.5,0.502757
1970-01-01 00:00:00.000045350,2042.187,31.1695,9646.5,0.502646
1970-01-01 00:00:00.000045351,2056.975,31.1883,9706.0,0.502801
1970-01-01 00:00:00.000045352,2101.046,31.3099,10092.0,0.50364
1970-01-01 00:00:00.000045355,2146.816,31.5636,9913.25,0.503956
1970-01-01 00:00:00.000045356,2169.453,31.6239,9853.75,0.502664
1970-01-01 00:00:00.000045357,2195.734,31.7191,9803.5,0.499931
1970-01-01 00:00:00.000045358,2220.178,31.8612,10093.25,0.499794
1970-01-01 00:00:00.000045359,2237.167,31.84,10225.0,0.501455
1970-01-01 00:00:00.000045362,2249.619,31.9448,10203.25,0.502397
1970-01-01 00:00:00.000045363,2226.113,32.0278,10125.5,0.502396
1970-01-01 00:00:00.000045364,2247.211,31.9074,9940.25,0.504515
1970-01-01 00:00:00.000045365,2238.056,32.1441,9863.25,0.507423
1970-01-01 00:00:00.000045366,2223.214,32.1144,9767.0,0.507836
1970-01-01 00:00:00.000045369,2248.101,32.246,9677.75,0.508945
1970-01-01 00:00:00.000045370,2246.859,32.3583,9934.75,0.509335
1970-01-01 00:00:00.000045371,2296.716,32.1558,9939.5,0.509937
1970-01-01 00:00:00.000045372,2255.255,32.0294,10150.0,0.510333
1970-01-01 00:00:00.000045373,2228.957,32.0132,10088.0,0.510612
1970-01-01 00:00:00.000045376,2247.814,32.1146,10024.0,0.514825
1970-01-01 00:00:00.000045377,2257.555,32.1737,9768.0,0.515139
1970-01-01 00:00:00.000045378,2275.338,32.2459,9807.75,0.515661
1970-01-01 00:00:00.000045379,2326.052,32.3045,10099.75,0.51562
1970-01-01 00:00:00.000045380,2327.473,32.346,10106.0,0.517274
1970-01-01 00:00:00.000045383,2333.355,32.075,10183.0,0.519053
1970-01-01 00:00:00.000045384,2350.943,32.0436,10002.75,0.519952
1970-01-01 00:00:00.000045385,2359.833,31.9485,9984.25,0.521186
1970-01-01 00:00:00.000045386,2352.342,31.8703,10206.25,0.522802
1970-01-01 00:00:00.000045387,2399.294,32.0374,10682.25,0.522934
1970-01-01 00:00:00.000045390,2418.581,31.9764,10692.5,0.522872
1970-01-01 00:00:00.000045391,2441.074,32.2706,10753.0,0.521705
1970-01-01 00:00:00.000045397,2485.15,32.4013,10594.75,0.525369
1970-01-01 00:00:00.000045398,2490.779,32.3857,10475.5,0.526227
1970-01-01 00:00:00.000045399,2471.945,32.3816,10442.0,0.524521
1970-01-01 00:00:00.000045400,2492.57,32.5224,10396.25,0.523176
1970-01-01 00:00:00.000045401,2493.436,32.4941,10602.0,0.523899
1970-01-01 00:00:00.000045404,2443.844,32.4862,10511.25,0.524407
1970-01-01 00:00:00.000045406,2426.019,32.5393,10617.0,0.526058
1970-01-01 00:00:00.000045407,2438.62,32.5152,10525.75,0.526594
1970-01-01 00:00:00.000045408,2439.604,32.4036,10778.25,0.527469
1970-01-01 00:00:00.000045411,2433.209,32.4153,10972.5,0.530119
1970-01-01 00:00:00.000045412,2386.959,32.4007,10928.75,0.531081
1970-01-01 00:00:00.000045414,2399.006,32.3014,11879.5,0.532496
1970-01-01 00:00:00.000045415,2393.358,32.3346,11901.5,0.529691
1970-01-01 00:00:00.000045418,2412.9,32.2624,11913.75,0.531058
1970-01-01 00:00:00.000045419,2401.244,32.2515,12003.0,0.531689
1970-01-01 00:00:00.000045420,2398.164,32.2239,11876.5,0.532514
1970-01-01 00:00:00.000045421,2436.172,32.238,11817.0,0.534406
1970-01-01 00:00:00.000045422,2444.207,32.1989,11644.0,0.537262
1970-01-01 00:00:00.000045425,2425.588,32.274,11486.5,0.542682
1970-01-01 00:00:00.000045426,2445.115,32.2659,11646.75,0.542968
1970-01-01 00:00:00.000045427,2473.467,32.16,11589.75,0.544036
1970-01-01 00:00:00.000045428,2466.537,32.2716,11721.5,0.543104
1970-01-01 00:00:00.000045429,2500.555,32.1987,12107.0,0.543889
1970-01-01 00:00:00.000045432,2513.36,32.1327,12201.25,0.544785
1970-01-01 00:00:00.000045433,2506.715,32.1226,12467.5,0.545261
1970-01-01 00:00:00.000045434,2466.278,32.1861,12419.25,0.546708
1970-01-01 00:00:00.000045435,2416.316,32.1585,12213.5,0.549262
1970-01-01 00:00:00.000045436,2417.856,32.2003,12025.25,0.548622
1970-01-01 00:00:00.000045439,2428.312,32.1282,12055.25,0.549663
1970-01-01 00:00:00.000045440,2446.772,32.2335,12072.0,0.550288
1970-01-01 00:00:00.000045441,2426.371,32.1825,11884.5,0.551044
1970-01-01 00:00:00.000045442,2430.407,32.2042,11880.5,0.550617
1970-01-01 00:00:00.000045443,2408.353,32.2322,11779.5,0.548832
1970-01-01 00:00:00.000045446,2432.193,32.1678,11919.5,0.550086
1970-01-01 00:00:00.000045447,2444.193,32.5745,11584.5,0.553201
1970-01-01 00:00:00.000045448,2444.229,32.2303,11642.0,0.556653
1970-01-01 00:00:00.000045449,2467.962,32.2319,11463.25,0.554568
1970-01-01 00:00:00.000045450,2386.213,32.243,11356.5,0.555674
1970-01-01 00:00:00.000045453,2405.601,32.3374,11157.25,0.555457
1970-01-01 00:00:00.000045454,2408.455,32.3221,11226.5,0.553363
1970-01-01 00:00:00.000045455,2412.991,32.3064,11413.25,0.552482
1970-01-01 00:00:00.000045456,2405.699,32.2788,11500.75,0.551588
1970-01-01 00:00:00.000045457,2459.415,32.6273,11532.25,0.552876
1970-01-01 00:00:00.000045463,2493.092,32.806,11818.5,0.554764
1970-01-01 00:00:00.000045464,2451.303,32.8322,11873.25,0.555298
1970-01-01 00:00:00.000045467,2468.269,32.9169,11843.75,0.555195
1970-01-01 00:00:00.000045468,2458.143,32.9206,11693.5,0.559638
1970-01-01 00:00:00.000045469,2426.977,32.8379,11515.25,0.560049
1970-01-01 00:00:00.000045470,2461.165,32.8041,11697.5,0.560742
1970-01-01 00:00:00.000045471,2447.439,32.6485,11561.0,0.561987
1970-01-01 00:00:00.000045474,2448.66,32.6297,12033.5,0.564781
1970-01-01 00:00:00.000045475,2439.25,32.547,12165.25,0.567447
1970-01-01 00:00:00.000045476,2468.916,32.5342,12501.25,0.567988
1970-01-01 00:00:00.000045477,2473.162,32.513,12681.5,0.573612
1970-01-01 00:00:00.000045478,2511.301,32.635,12614.25,0.576753
1970-01-01 00:00:00.000045481,2484.67,32.6745,12626.75,0.578475
1970-01-01 00:00:00.000045482,2502.785,32.817,12492.25,0.577885
1970-01-01 00:00:00.000045483,2508.663,32.8564,12404.25,0.579667
1970-01-01 00:00:00.000045484,2561.231,32.8013,12706.0,0.577843
1970-01-01 00:00:00.000045485,2561.075,33.0214,12712.75,0.577012
1970-01-01 00:00:00.000045489,2622.249,33.0531,12767.5,0.579366
1970-01-01 00:00:00.000045490,2619.671,33.0502,12759.5,0.578504
1970-01-01 00:00:00.000045491,2598.467,33.0488,12721.25,0.578562
1970-01-01 00:00:00.000045492,2549.189,33.0549,12725.25,0.577209
1970-01-01 00:00:00.000045495,2536.731,32.9085,12706.5,0.578011
1970-01-01 00:00:00.000045496,2543.473,32.8527,12530.25,0.578245
1970-01-01 00:00:00.000045497,2536.932,32.7792,12410.25,0.578148
1970-01-01 00:00:00.000045498,2517.285,32.948,12233.0,0.579321
1970-01-01 00:00:00.000045499,2528.17,32.9042,12208.25,0.579707
1970-01-01 00:00:00.000045502,2530.999,33.0458,12063.5,0.580046
1970-01-01 00:00:00.000045503,2565.766,33.0794,12044.25,0.580724
1970-01-01 00:00:00.000045504,2609.338,33.1401,12027.0,0.580887
1970-01-01 00:00:00.000045505,2608.91,33.0853,12153.75,0.579116
1970-01-01 00:00:00.000045506,2607.468,33.168,11726.25,0.580534
1970-01-01 00:00:00.000045509,2582.308,33.3248,11063.25,0.58538
1970-01-01 00:00:00.000045510,2577.43,33.5696,11017.0,0.584662
1970-01-01 00:00:00.000045511,2571.006,33.4293,11199.0,0.581186
1970-01-01 00:00:00.000045512,2615.474,33.4959,11220.75,0.579976
1970-01-01 00:00:00.000045513,2617.555,33.4839,10937.75,0.581232
1970-01-01 00:00:00.000045516,2669.155,33.37,10842.25,0.581241
1970-01-01 00:00:00.000045517,2655.479,33.5301,11004.25,0.581973
1970-01-01 00:00:00.000045518,2646.759,33.5992,10847.5,0.582507
1970-01-01 00:00:00.000045519,2663.374,33.6042,11048.0,0.580622
1970-01-01 00:00:00.000045520,2716.825,33.6632,10823.5,0.579191
1970-01-01 00:00:00.000045523,2717.869,33.569,11138.75,0.581616
1970-01-01 00:00:00.000045524,2739.405,33.8575,11065.25,0.58169
1970-01-01 00:00:00.000045525,2741.114,33.8313,10988.0,0.583073
1970-01-01 00:00:00.000045526,2715.861,33.71,10977.75,0.583378
1970-01-01 00:00:00.000045527,2745.148,33.9588,10675.0,0.584802
1970-01-01 00:00:00.000045530,2752.475,33.9691,10546.75,0.587706
1970-01-01 00:00:00.000045531,2763.765,34.0006,10822.0,0.5878
1970-01-01 00:00:00.000045532,2753.106,34.0312,10798.75,0.587047
1970-01-01 00:00:00.000045533,2760.775,34.0694,10866.5,0.58707
1970-01-01 00:00:00.000045537,2723.063,33.8799,11837.25,0.589158
1970-01-01 00:00:00.000045538,2725.432,33.9735,11688.25,0.590902
1970-01-01 00:00:00.000045539,2732.802,33.9857,11643.75,0.592029
1970-01-01 00:00:00.000045540,2750.535,33.9195,11499.5,0.587508
1970-01-01 00:00:00.000045541,2730.067,33.9505,11307.0,0.588333
1970-01-01 00:00:00.000045544,2748.539,34.0361,11159.75,0.588933
1970-01-01 00:00:00.000045545,2757.396,34.0122,11035.0,0.589086
1970-01-01 00:00:00.000045546,2746.546,33.9678,10789.0,0.590827
1970-01-01 00:00:00.000045547,2795.016,33.9086,10921.0,0.590412
1970-01-01 00:00:00.000045548,2812.543,33.8762,11123.5,0.590777
1970-01-01 00:00:00.000045551,2826.783,33.9779,10954.5,0.591703
1970-01-01 00:00:00.000045552,2819.695,34.0795,11196.0,0.591736
1970-01-01 00:00:00.000045553,2803.667,34.0687,11259.0,0.592338
1970-01-01 00:00:00.000045554,2835.169,34.0253,11436.25,0.591499
1970-01-01 00:00:00.000045555,2876.924,34.0926,11363.0,0.593832
1970-01-01 00:00:00.000045558,2883.938,34.1189,11376.5,0.596873
1970-01-01 00:00:00.000045559,2915.604,34.1137,11588.5,0.597633
1970-01-01 00:00:00.000045560,2919.021,34.1064,11440.25,0.601441
1970-01-01 00:00:00.000045561,2936.936,34.1398,11294.0,0.60182
1970-01-01 00:00:00.000045562,2919.91,34.1615,11258.25,0.600635
1970-01-01 00:00:00.000045565,2898.606,34.1605,11149.5,0.60187
1970-01-01 00:00:00.000045566,2924.486,34.2057,10766.0,0.603699
1970-01-01 00:00:00.000045567,2928.264,34.1819,10393.75,0.603309
1970-01-01 00:00:00.000045568,2923.42,34.1055,10129.75,0.601291
1970-01-01 00:00:00.000045569,2922.517,34.25,10379.0,0.598901
1970-01-01 00:00:00.000045572,2912.276,34.235,10215.5,0.597083
1970-01-01 00:00:00.000045573,2888.933,34.2407,10275.75,0.595157
1970-01-01 00:00:00.000045574,2873.485,34.2087,10394.25,0.5929
1970-01-01 00:00:00.000045575,2901.351,34.1519,10165.0,0.594592
1970-01-01 00:00:00.000045576,2928.963,34.2442,10032.25,0.597817
1970-01-01 00:00:00.000045579,2919.33,34.2569,9853.0,0.600917
1970-01-01 00:00:00.000045580,2928.717,34.1692,10058.25,0.599745
1970-01-01 00:00:00.000045581,2937.83,34.1594,10183.0,0.597212
1970-01-01 00:00:00.000045582,2961.75,34.1245,10152.75,0.598372
1970-01-01 00:00:00.000045583,2997.614,33.985,9856.25,0.599363
1970-01-01 00:00:00.000045586,2996.482,34.092,9662.5,0.5998
1970-01-01 00:00:00.000045587,3025.065,34.2357,9881.75,0.599882
1970-01-01 00:00:00.000045588,2998.864,34.2527,9752.5,0.5996
1970-01-01 00:00:00.000045589,3014.11,34.2181,9902.0,0.599185
1970-01-01 00:00:00.000045590,3030.884,34.2827,9915.0,0.598292
1970-01-01 00:00:00.000045593,3025.426,34.2822,9948.25,0.599922
1970-01-01 00:00:00.000045595,3070.637,34.2044,10030.75,0.600542
1970-01-01 00:00:00.000045596,3029.244,34.254,9764.5,0.600639
1970-01-01 00:00:00.000045597,3020.001,34.302,10311.0,0.599211
1970-01-01 00:00:00.000045600,3022.082,34.3337,9988.5,0.600823
1970-01-01 00:00:00.000045601,3027.162,34.3118,9956.5,0.59942
1970-01-01 00:00:00.000045602,2929.464,34.1862,10207.75,0.598459
1970-01-01 00:00:00.000045603,2990.14,34.2177,10275.25,0.59925
1970-01-01 00:00:00.000045604,2965.855,34.3722,10623.25,0.601166
1970-01-01 00:00:00.000045607,2896.484,34.3169,10698.5,0.606277
1970-01-01 00:00:00.000045608,2872.468,34.3465,10614.5,0.609629
1970-01-01 00:00:00.000045609,2840.029,34.3501,10700.5,0.608958
1970-01-01 00:00:00.000045610,2842.97,34.3182,10830.0,0.608825
1970-01-01 00:00:00.000045611,2837.499,34.4185,10734.75,0.610451
1970-01-01 00:00:00.000045614,2904.343,34.5181,10737.25,0.612875
1970-01-01 00:00:00.000045615,2922.964,34.3,10547.0,0.611347
1970-01-01 00:00:00.000045616,2940.974,34.4415,10236.5,0.610547
1970-01-01 00:00:00.000045617,2963.414,34.4565,10639.75,0.610131
1970-01-01 00:00:00.000045618,3019.618,34.5434,10859.25,0.613375
1970-01-01 00:00:00.000045621,2905.341,34.5452,10969.5,0.62021
1970-01-01 00:00:00.000045622,2932.286,34.6085,10943.0,0.625378
1970-01-01 00:00:00.000045623,2937.04,34.6206,10966.75,0.624944
1970-01-01 00:00:00.000045624,2941.416,34.6145,10938.75,0.625593
1970-01-01 00:00:00.000045625,2960.506,34.6913,10937.75,0.628472
1970-01-01 00:00:00.000045628,2952.173,34.7014,10945.0,0.629763
1970-01-01 00:00:00.000045629,2953.185,34.7071,11157.0,0.629559
1970-01-01 00:00:00.000045630,2960.537,34.62,11199.0,0.630444
1970-01-01 00:00:00.000045631,2944.466,34.6778,11192.0,0.631726
1970-01-01 00:00:00.000045632,2942.141,34.7376,11323.0,0.626974
1970-01-01 00:00:00.000045635,2979.534,34.8059,11542.0,0.628795
1970-01-01 00:00:00.000045636,3021.64,34.8285,11332.0,0.629495
1970-01-01 00:00:00.000045637,3049.227,34.854,11291.0,0.628739
1970-01-01 00:00:00.000045638,3012.629,34.8701,11198.0,0.625533
1970-01-01 00:00:00.000045639,2977.166,34.9238,11270.0,0.624688
1970-01-01 00:00:00.000045642,2980.698,34.9508,11089.0,0.625728
1970-01-01 00:00:00.000045643,2980.238,34.9746,11120.0,0.626518
1970-01-01 00:00:00.000045644,2916.818,35.032,10998.0,0.626807
1970-01-01 00:00:00.000045645,2931.585,35.0675,10763.0,0.631864
1970-01-01 00:00:00.000045646,2968.366,35.1588,10704.0,0.630198
1970-01-01 00:00:00.000045649,2964.219,35.1642,10578.0,0.630663
1970-01-01 00:00:00.000045650,2953.452,35.0875,10623.0,0.631186
1970-01-01 00:00:00.000045651,2961.168,35.1905,10961.0,0.629078
1970-01-01 00:00:00.000045652,2982.857,35.1316,10950.0,0.636818
1970-01-01 00:00:00.000045653,2950.801,35.0702,11023.0,0.641031
1970-01-01 00:00:00.000045656,2961.023,35.3123,10833.0,0.643423
1970-01-01 00:00:00.000045657,2983.704,35.335,10789.0,0.644392
1970-01-01 00:00:00.000045659,3026.09,35.3476,11514.0,0.645239
1970-01-01 00:00:00.000045660,3001.703,35.3376,11695.0,0.650345
1970-01-01 00:00:00.000045663,2994.349,35.2927,11696.0,0.655229
1970-01-01 00:00:00.000045664,3010.783,35.3186,11549.0,0.655975
1970-01-01 00:00:00.000045665,3026.895,35.2781,11512.0,0.656632
1970-01-01 00:00:00.000045666,3037.72,35.3291,11598.0,0.657048
1970-01-01 00:00:00.000045667,3063.576,35.3852,11425.0,0.658614
1970-01-01 00:00:00.000045670,3044.041,35.4709,11280.0,0.66384
1970-01-01 00:00:00.000045671,3052.382,35.4711,11255.0,0.663847
1970-01-01 00:00:00.000045672,3073.888,35.4473,11280.0,0.663732
1970-01-01 00:00:00.000045673,3102.839,35.4287,11345.0,0.663937
1970-01-01 00:00:00.000045674,3080.485,35.4307,11466.0,0.665379
1970-01-01 00:00:00.000045677,3100.67,35.5563,11531.0,0.669513
1970-01-01 00:00:00.000045678,3144.676,35.442,11491.0,0.672466
1970-01-01 00:00:00.000045679,3158.354,35.638,11635.0,0.677368
1970-01-01 00:00:00.000045680,3160.44,35.6201,11572.0,0.679527
1970-01-01 00:00:00.000045681,3178.753,35.6454,11534.0,0.680244
1970-01-01 00:00:00.000045684,3151.839,35.7385,11424.0,0.687412
1970-01-01 00:00:00.000045685,3176.213,35.6922,11607.0,0.690277
1970-01-01 00:00:00.000045686,3178.168,35.7982,11582.0,0.685355
1970-01-01 00:00:00.000045687,3223.862,35.7677,11542.0,0.686491
1970-01-01 00:00:00.000045688,3219.076,35.6977,11420.0,0.687175
1970-01-01 00:00:00.000045691,3255.061,35.9406,11137.0,0.690347
1970-01-01 00:00:00.000045692,3286.82,35.9301,11152.0,0.687666
1970-01-01 00:00:00.000045693,3313.654,35.8787,11074.0,0.684258
1970-01-01 00:00:00.000045694,3306.915,35.8625,11183.0,0.68349
1970-01-01 00:00:00.000045695,3309.772,35.9863,11296.0,0.682387
1970-01-01 00:00:00.000045698,3380.91,35.9933,11129.0,0.684295
1970-01-01 00:00:00.000045699,3358.271,36.022,11184.0,0.683328
1970-01-01 00:00:00.000045700,3369.489,36.0936,11064.0,0.682023
1970-01-01 00:00:00.000045701,3411.707,36.1213,11190.0,0.678124
1970-01-01 00:00:00.000045702,3357.923,36.213,11139.0,0.6787
1970-01-01 00:00:00.000045705,3378.656,36.2114,11065.0,0.682588
1970-01-01 00:00:00.000045706,3424.193,36.2549,11184.0,0.683104
1970-01-01 00:00:00.000045707,3427.08,36.2652,10980.0,0.683517
1970-01-01 00:00:00.000045708,3441.771,36.2502,10986.0,0.68533
1970-01-01 00:00:00.000045709,3439.139,36.3822,10743.0,0.685741
1970-01-01 00:00:00.000045712,3459.753,36.4237,10710.0,0.686862
1970-01-01 00:00:00.000045713,3421.837,36.4186,10604.0,0.687344
1970-01-01 00:00:00.000045714,3421.246,36.447,10767.0,0.690006
1970-01-01 00:00:00.000045715,3379.092,36.4088,10915.0,0.691481
1970-01-01 00:00:00.000045716,3357.662,36.3935,10774.0,0.694087
1970-01-01 00:00:00.000045719,3389.225,36.4416,11621.0,0.694216
1970-01-01 00:00:00.000045720,3418.57,36.4404,11584.0,0.69754
1970-01-01 00:00:00.000045721,3422.032,36.4241,11967.0,0.695941
1970-01-01 00:00:00.000045722,3416.228,36.3854,12258.0,0.696256
1970-01-01 00:00:00.000045723,3411.195,36.4861,12265.0,0.697048
1970-01-01 00:00:00.000045726,3391.605,36.537,12123.0,0.699196
1970-01-01 00:00:00.000045727,3433.095,36.5621,12126.0,0.699398
1970-01-01 00:00:00.000045728,3457.19,36.4374,12349.0,0.699306
1970-01-01 00:00:00.000045729,3522.185,36.4132,12416.0,0.699746
1970-01-01 00:00:00.000045730,3505.633,36.5133,12487.0,0.70006
1970-01-01 00:00:00.000045733,3535.492,36.4651,12511.0,0.700917
1970-01-01 00:00:00.000045734,3581.094,36.6825,12397.0,0.700925
1970-01-01 00:00:00.000045735,3726.469,37.65,11158.0,0.699716
1970-01-01 00:00:00.000045736,3720.254,37.46,11105.0,0.687187
1970-01-01 00:00:00.000045737,3679.867,37.38,10074.0,0.676295
1970-01-01 00:00:00.000045740,3680.257,37.9464,10515.0,0.669878
1970-01-01 00:00:00.000045741,3693.743,37.9463,10981.0,0.653212
1970-01-01 00:00:00.000045742,3694.854,37.9929,10921.0,0.663499
1970-01-01 00:00:00.000045743,3736.61,37.9122,10784.0,0.663407
1970-01-01 00:00:00.000045744,3767.834,37.8759,10892.0,0.661446
1970-01-01 00:00:00.000045749,3860.281,37.9178,10725.0,0.658887
1970-01-01 00:00:00.000045750,3808.378,37.9383,10597.0,0.662471
1970-01-01 00:00:00.000045751,3709.472,37.9907,10442.0,0.665737
1970-01-01 00:00:00.000045754,3643.79,37.9525,10436.0,0.670976
1970-01-01 00:00:00.000045755,3638.041,37.9449,10548.0,0.666414
1970-01-01 00:00:00.000045756,3768.368,37.9706,10302.0,0.666093
1970-01-01 00:00:00.000045757,3896.657,37.8965,10380.0,0.665977
1970-01-01 00:00:00.000045758,3961.089,37.8604,10394.0,0.666183
1970-01-01 00:00:00.000045761,3930.431,38.0255,10463.0,0.664897
1970-01-01 00:00:00.000045762,3985.196,38.0785,10390.0,0.660898
1970-01-01 00:00:00.000045763,4110.559,38.1291,10251.0,0.659611
1970-01-01 00:00:00.000045764,4064.165,37.6085,10298.0,0.658167
1970-01-01 00:00:00.000045768,4224.525,38.1701,10201.0,0.666569
1970-01-01 00:00:00.000045769,4123.6,38.2634,10244.0,0.671738
1970-01-01 00:00:00.000045771,4152.248,38.3464,10420.0,0.668925
1970-01-01 00:00:00.000045772,4099.751,38.4235,10353.0,0.67018
1970-01-01 00:00:00.000045775,4127.357,38.4339,10228.0,0.670613
1970-01-01 00:00:00.000045776,4105.041,38.4713,10126.0,0.669793
1970-01-01 00:00:00.000045777,4055.509,38.4908,9889.0,0.668323
1970-01-01 00:00:00.000045779,4017.85,38.5698,10529.0,0.669792
1970-01-01 00:00:00.000045782,4140.056,38.572,10447.0,0.677766
1970-01-01 00:00:00.000045783,4198.411,38.6229,10440.0,0.67821
1970-01-01 00:00:00.000045784,4196.175,38.6511,10390.0,0.677898
1970-01-01 00:00:00.000045785,4130.706,38.6218,10618.0,0.678048
1970-01-01 00:00:00.000045786,4144.974,38.7611,10757.0,0.676922
1970-01-01 00:00:00.000045789,4038.407,38.7724,11260.0,0.679758
1970-01-01 00:00:00.000045790,4057.792,38.7914,11178.0,0.681173
1970-01-01 00:00:00.000045791,3970.865,38.7716,11183.0,0.682114
1970-01-01 00:00:00.000045792,4041.89,38.7061,10911.0,0.681741
1970-01-01 00:00:00.000045793,4002.288,38.8547,11056.0,0.682501
1970-01-01 00:00:00.000045797,4110.235,38.8271,10863.0,0.687761
1970-01-01 00:00:00.000045798,4146.159,38.85,10713.0,0.691244
1970-01-01 00:00:00.000045799,4143.444,38.9258,10761.0,0.696206
1970-01-01 00:00:00.000045800,4197.616,38.9092,10610.0,0.698356
1970-01-01 00:00:00.000045803,4194.54,38.9585,10624.0,0.700144
1970-01-01 00:00:00.000045804,4155.518,38.9612,10478.0,0.701298
1970-01-01 00:00:00.000045805,4098.061,39.045,10423.0,0.702387
1970-01-01 00:00:00.000045806,4201.292,39.1053,10379.0,0.703373
1970-01-01 00:00:00.000045807,4146.063,39.2098,10202.0,0.704117
1970-01-01 00:00:00.000045810,4267.301,39.1869,10265.0,0.705029
1970-01-01 00:00:00.000045811,4228.912,39.1505,10495.0,0.702873
1970-01-01 00:00:00.000045812,4267.231,39.1721,10704.0,0.704733
1970-01-01 00:00:00.000045813,4246.186,39.2776,10727.0,0.706008
1970-01-01 00:00:00.000045818,4190.727,39.1875,10899.0,0.709289
1970-01-01 00:00:00.000045819,4240.569,39.1717,10919.0,0.711176
1970-01-01 00:00:00.000045820,4286.887,39.353,10696.0,0.714181
1970-01-01 00:00:00.000045821,4349.749,39.4143,10402.0,0.714107
1970-01-01 00:00:00.000045824,4303.301,39.3489,10492.0,0.711007
1970-01-01 00:00:00.000045825,4303.837,39.5008,10485.0,0.711455
1970-01-01 00:00:00.000045826,4287.406,39.527,10302.0,0.71198
1970-01-01 00:00:00.000045827,4297.525,39.6203,10168.0,0.713244
1970-01-01 00:00:00.000045828,4296.461,39.6775,10262.0,0.716283
1970-01-01 00:00:00.000045831,4273.863,39.6153,10208.0,0.718348
1970-01-01 00:00:00.000045832,4239.229,39.5545,10612.0,0.718538
1970-01-01 00:00:00.000045833,4269.573,39.7569,10562.0,0.723074
1970-01-01 00:00:00.000045834,4254.756,39.776,10364.0,0.724586
1970-01-01 00:00:00.000045835,4200.042,39.9094,10494.0,0.726057
1970-01-01 00:00:00.000045838,4241.117,39.8136,11124.0,0.729324
1970-01-01 00:00:00.000045839,4277.214,39.8392,11951.0,0.737102
1970-01-01 00:00:00.000045840,4297.465,39.7749,12095.0,0.747031
1970-01-01 00:00:00.000045841,4265.292,39.8228,12094.0,0.748366
1970-01-01 00:00:00.000045842,4275.44,39.8474,12139.0,0.749875
1970-01-01 00:00:00.000045845,4292.723,39.9617,11942.0,0.750204
1970-01-01 00:00:00.000045846,4253.603,40.045,11773.0,0.747486
1970-01-01 00:00:00.000045847,4271.878,40.0349,11971.0,0.747186
1970-01-01 00:00:00.000045848,4291.381,40.0789,12138.0,0.747557
1970-01-01 00:00:00.000045849,4336.214,40.1815,12128.0,0.748397
1970-01-01 00:00:00.000045852,4326.701,40.1735,11949.0,0.750252
1970-01-01 00:00:00.000045854,4330.901,40.2548,11788.0,0.749734
1970-01-01 00:00:00.000045855,4334.138,40.2881,12042.0,0.747941
1970-01-01 00:00:00.000045856,4352.395,40.3945,11990.0,0.746804
1970-01-01 00:00:00.000045859,4412.072,40.3845,12284.0,0.749765
1970-01-01 00:00:00.000045860,4456.211,40.3935,12242.0,0.754497
1970-01-01 00:00:00.000045861,4408.947,40.447,12212.0,0.757036
1970-01-01 00:00:00.000045862,4392.78,40.6643,12274.0,0.758511
1970-01-01 00:00:00.000045863,4351.633,40.5624,12205.0,0.759483
1970-01-01 00:00:00.000045866,4322.945,40.5517,12075.0,0.761166
1970-01-01 00:00:00.000045867,4342.902,40.5813,11997.0,0.760614
1970-01-01 00:00:00.000045868,4289.586,40.5883,12139.0,0.759404
1970-01-01 00:00:00.000045869,4299.852,40.6332,12219.0,0.757607
1970-01-01 00:00:00.000045870,4394.722,40.617,12201.0,0.760775
1970-01-01 00:00:00.000045873,4418.681,40.6564,12332.0,0.762819
1970-01-01 00:00:00.000045874,4423.787,40.6701,12273.0,0.766323
1970-01-01 00:00:00.000045875,4405.012,40.6383,12362.0,0.767135
1970-01-01 00:00:00.000045876,4453.698,40.6077,12371.0,0.767782
1970-01-01 00:00:00.000045877,4444.329,40.6528,12385.0,0.767514
1970-01-01 00:00:00.000045880,4381.724,40.5468,12456.0,0.769604
1970-01-01 00:00:00.000045881,4389.065,40.7265,12340.0,0.771359
1970-01-01 00:00:00.000045882,4409.731,40.7747,12365.0,0.770254
1970-01-01 00:00:00.000045883,4379.58,40.8305,12171.0,0.769617
1970-01-01 00:00:00.000045884,4382.803,40.8,12207.0,0.769589
1970-01-01 00:00:00.000045887,4378.276,40.8815,12263.0,0.771578
1970-01-01 00:00:00.000045888,4358.059,40.8934,12248.0,0.772417
1970-01-01 00:00:00.000045889,4404.392,40.9277,12445.0,0.774208
1970-01-01 00:00:00.000045890,4402.512,40.934,12637.0,0.774099
1970-01-01 00:00:00.000045891,4441.084,40.9357,12682.0,0.776398
1970-01-01 00:00:00.000045894,4423.866,40.9902,12772.0,0.778244
1970-01-01 00:00:00.000045895,4474.664,41.0348,12777.0,0.779918
1970-01-01 00:00:00.000045896,4481.719,41.0379,12606.0,0.782337
1970-01-01 00:00:00.000045897,4517.452,41.0388,12571.0,0.78252
1970-01-01 00:00:00.000045898,4561.074,41.1025,12414.0,0.783729
1970-01-01 00:00:00.000045901,4603.067,41.1153,13094.0,0.786407
1970-01-01 00:00:00.000045902,4672.336,41.138,12536.0,0.786689
1970-01-01 00:00:00.000045903,4711.147,41.1569,12358.0,0.785166
1970-01-01 00:00:00.000045904,4711.746,41.1576,12381.0,0.775124
1970-01-01 00:00:00.000045905,4753.698,41.2381,12287.0,0.773684
1970-01-01 00:00:00.000045908,4823.751,41.2518,11939.0,0.775725
1970-01-01 00:00:00.000045909,4820.585,41.2606,12032.0,0.776124
1970-01-01 00:00:00.000045910,4837.505,41.2719,12208.0,0.776295
1970-01-01 00:00:00.000045911,4828.095,41.3238,11963.0,0.776713
1970-01-01 00:00:00.000045912,4845.288,41.3365,11941.0,0.777717
1970-01-01 00:00:00.000045915,4884.118,41.3141,12699.0,0.779003
1970-01-01 00:00:00.000045916,4907.261,41.2362,12823.0,0.784164
1970-01-01 00:00:00.000045917,4872.61,41.2695,12790.0,0.788938
1970-01-01 00:00:00.000045918,4845.832,41.29,12582.0,0.791474
1970-01-01 00:00:00.000045919,4902.012,41.3793,12917.0,0.790242
1970-01-01 00:00:00.000045922,4987.054,41.3655,13147.0,0.791335
1970-01-01 00:00:00.000045923,5013.402,41.4068,12970.0,0.797496
1970-01-01 00:00:00.000045924,4991.464,41.4506,12987.0,0.795914
1970-01-01 00:00:00.000045925,5003.802,41.4852,12947.0,0.795732
1970-01-01 00:00:00.000045926,5028.765,41.36,12591.0,0.796361
1970-01-01 00:00:00.000045929,5124.415,41.5807,12511.0,0.793633
1970-01-01 00:00:00.000045930,5165.531,41.5852,12495.0,0.793581
1970-01-01 00:00:00.000045931,5168.085,41.5672,12756.0,0.796882
1970-01-01 00:00:00.000045932,5171.329,41.6048,12542.0,0.800846
1970-01-01 00:00:00.000045933,5208.67,41.6932,12206.0,0.801809
1970-01-01 00:00:00.000045936,5324.156,41.69,12076.0,0.799479
1970-01-01 00:00:00.000045937,5359.326,41.7013,12162.0,0.798042
1970-01-01 00:00:00.000045938,5384.013,41.6952,12051.0,0.79635
1970-01-01 00:00:00.000045939,5365.632,41.7705,11917.0,0.797541
1970-01-01 00:00:00.000045940,5403.691,41.8459,11916.0,0.797676
1970-01-01 00:00:00.000045943,5548.722,41.8074,11678.0,0.799382
1970-01-01 00:00:00.000045944,5599.52,41.8173,11387.0,0.800269
1970-01-01 00:00:00.000045945,5665.695,41.8477,11552.0,0.799989
1970-01-01 00:00:00.000045946,5886.055,41.8436,11395.0,0.799136
1970-01-01 00:00:00.000045947,5726.986,41.9001,11170.0,0.79866
1970-01-01 00:00:00.000045950,5879.408,41.71,11513.0,0.800705
1970-01-01 00:00:00.000045951,5526.092,41.9715,11491.0,0.800926
1970-01-01 00:00:00.000045952,5520.227,41.9747,11605.0,0.802624
1970-01-01 00:00:00.000045953,5569.654,41.9804,11650.0,0.803018
1970-01-01 00:00:00.000045954,5544.233,41.9461,12037.0,0.804478
1970-01-01 00:00:00.000045957,5395.175,41.8685,11885.0,0.806401
1970-01-01 00:00:00.000045958,5348.744,41.9548,11922.0,0.808518
1970-01-01 00:00:00.000045960,5455.145,41.9646,11813.0,0.811724
1970-01-01 00:00:00.000045961,5413.249,42.0602,11922.0,0.811685
1970-01-01 00:00:00.000045964,5406.477,42.0578,12606.0,0.812485
1970-01-01 00:00:00.000045965,5325.863,42.0443,12386.0,0.81623
1970-01-01 00:00:00.000045966,5378.371,42.095,12461.0,0.815202
1970-01-01 00:00:00.000045967,5408.321,42.1076,12575.0,0.81539
1970-01-01 00:00:00.000045968,5430.402,42.2122,12353.0,0.815263
1970-01-01 00:00:00.000045971,5594.111,42.2346,12161.0,0.815543
1970-01-01 00:00:00.000045972,5626.38,42.2291,11869.0,0.813778
1970-01-01 00:00:00.000045973,5695.56,42.099,12012.0,0.811899
1970-01-01 00:00:00.000045974,5684.942,42.2235,11934.0,0.811283
1970-01-01 00:00:00.000045975,5552.303,42.2475,11870.0,0.81007
1970-01-01 00:00:00.000045978,5499.807,42.3178,11984.0,0.812132
1970-01-01 00:00:00.000045979,5546.23,42.3417,12013.0,0.812967
1970-01-01 00:00:00.000045980,5588.778,42.3297,12262.0,0.813954
1970-01-01 00:00:00.000045981,5571.343,42.3666,12329.0,0.816568
1970-01-01 00:00:00.000045982,5547.797,42.4403,12246.0,0.820306
1970-01-01 00:00:00.000045985,5651.338,42.4223,12175.0,0.821221
1970-01-01 00:00:00.000045986,5643.853,42.4424,12129.0,0.821522
1970-01-01 00:00:00.000045987,5685.486,42.4485,12265.0,0.822034
1970-01-01 00:00:00.000045988,5688.289,42.4424,12265.0,0.826232
1970-01-01 00:00:00.000045989,5765.135,42.4767,12232.0,0.831989
1970-01-01 00:00:00.000045992,5768.722,42.4127,12457.0,0.83666
1970-01-01 00:00:00.000045993,5753.526,42.3411,12425.0,0.842793
1970-01-01 00:00:00.000045994,5742.083,42.4398,12289.0,0.842512
1970-01-01 00:00:00.000045995,5751.53,42.4901,12072.0,0.849233
1970-01-01 00:00:00.000045996,5748.827,42.5243,12177.0,0.85086
1970-01-01 00:00:00.000045999,5737.567,42.5698,12370.0,0.852902
1970-01-01 00:00:00.000046000,5762.588,42.587,12423.0,0.855092
1970-01-01 00:00:00.000046001,5796.45,42.6076,12382.0,0.853788
1970-01-01 00:00:00.000046002,5862.515,42.602,12397.0,0.854594
1970-01-01 00:00:00.000046003,5902.374,42.6953,12468.0,0.854757
1970-01-01 00:00:00.000046006,5911.507,42.6927,12647.0,0.857169
1970-01-01 00:00:00.000046007,5916.572,42.6953,12484.0,0.856489
1970-01-01 00:00:00.000046008,5961.488,42.7008,12415.0,0.855758
1970-01-01 00:00:00.000046009,5966.13,42.7346,12420.0,0.858839
1970-01-01 00:00:00.000046010,5967.094,42.7462,12432.0,0.862264
1970-01-01 00:00:00.000046013,6140.546,42.7538,12395.0,0.865153
1970-01-01 00:00:00.000046014,6204.323,42.8154,12347.0,0.867707
1970-01-01 00:00:00.000046015,6170.36,42.8462,12440.0,0.868321
1970-01-01 00:00:00.000046016,6193.04,42.8512,12386.0,0.868891
1970-01-01 00:00:00.000046017,6245.705,42.8375,12323.0,0.87189
1970-01-01 00:00:00.000046020,6000.121,42.9358,12179.0,0.873678
1970-01-01 00:00:00.000046021,5993.736,42.9393,12248.0,0.882767
1970-01-01 00:00:00.000046022,5951.525,42.9587,12217.0,0.885089
1970-01-01 00:00:00.000046024,5993.146,43.0291,13091.0,0.88796
1970-01-01 00:00:00.000046027,6144.563,43.0353,13320.0,0.893672
1970-01-01 00:00:00.000046028,6218.497,43.031,13694.0,0.893858
1970-01-01 00:00:00.000046029,6177.117,43.035,13634.0,0.89551
1970-01-01 00:00:00.000046030,6207.491,43.0396,13633.0,0.896273
1970-01-01 00:00:00.000046031,6240.058,43.0455,13769.0,0.894724
1970-01-01 00:00:00.000046034,6380.586,43.1146,13912.0,0.892558
1970-01-01 00:00:00.000046035,6378.803,43.1546,14068.0,0.892869
1970-01-01 00:00:00.000046036,6406.008,43.1828,14031.0,0.894823
1970-01-01 00:00:00.000046037,6414.98,43.2219,14158.0,0.895451
1970-01-01 00:00:00.000046038,6395.575,43.2825,14368.0,0.892237
1970-01-01 00:00:00.000046041,6492.859,43.2653,14458.0,0.895158
1970-01-01 00:00:00.000046042,6623.415,43.2819,14479.0,0.896581
1970-01-01 00:00:00.000046043,6651.489,43.2932,14295.0,0.898203
1970-01-01 00:00:00.000046044,6898.415,43.27,14442.0,0.900347
1970-01-01 00:00:00.000046045,6956.286,43.3772,14582.0,0.906207
1970-01-01 00:00:00.000046048,7035.576,43.3603,14809.0,0.91205
1970-01-01 00:00:00.000046049,7213.171,43.3953,14623.0,0.916171
1970-01-01 00:00:00.000046050,7778.572,43.4167,15003.0,0.912808
1970-01-01 00:00:00.000046051,7497.404,43.4401,15472.0,0.91477
1970-01-01 00:00:00.000046052,6804.378,43.4919,15465.0,0.917732
1970-01-01 00:00:00.000046055,6673.514,43.4564,15194.0,0.914649
1970-01-01 00:00:00.000046056,6917.46,43.4813,15489.0,0.915173
1970-01-01 00:00:00.000046057,7015.57,43.4703,15427.0,0.91582
1970-01-01 00:00:00.000046058,6595.928,43.5313,15014.0,0.914679
1970-01-01 00:00:00.000046059,6954.941,43.6024,14994.0,0.908888
1970-01-01 00:00:00.000046062,7052.843,43.5889,15353.0,0.909858
1970-01-01 00:00:00.000046063,7072.5,43.625,15207.0,0.913514
1970-01-01 00:00:00.000046064,7102.57,43.6401,15309.0,0.911093
1970-01-01 00:00:00.000046065,6917.615,43.6485,15885.0,0.908167
1970-01-01 00:00:00.000046066,7079.167,43.6756,15864.0,0.914378
1970-01-01 00:00:00.000046069,7015.449,43.7091,15998.0,0.919018
1970-01-01 00:00:00.000046070,6833.315,43.7148,15762.0,0.920273
1970-01-01 00:00:00.000046071,7001.762,43.7516,15846.0,0.922879
1970-01-01 00:00:00.000046072,7030.452,43.7579,15391.0,0.923139
1970-01-01 00:00:00.000046073,7198.464,43.8218,15557.0,0.918025
1970-01-01 00:00:00.000046076,7382.184,43.8358,15766.0,0.918024
1970-01-01 00:00:00.000046077,7264.008,43.8576,15711.0,0.921072
1970-01-01 00:00:00.000046078,7283.021,43.8643,15469.0,0.919065
1970-01-01 00:00:00.000046079,7327.817,43.9041,15559.0,0.919418
1970-01-01 00:00:00.000046080,7449.232,43.9254,15503.0,0.920021
1970-01-01 00:00:00.000046083,7557.27,43.9521,15514.0,0.923188
1970-01-01 00:00:00.000046084,7243.109,43.9516,15049.0,0.915813
1970-01-01 00:00:00.000046085,7303.304,43.9593,15193.0,0.918617
1970-01-01 00:00:00.000046086,7201.527,44.0125,15302.0,0.912022
1970-01-01 00:00:00.000046087,7327.782,44.0707,14905.0,0.915318
1970-01-01 00:00:00.000046090,7284.491,44.039,14901.0,0.917132
1970-01-01 00:00:00.000046091,7367.96,44.0654,15472.0,0.902619
1970-01-01 00:00:00.000046092,7278.618,44.0808,15493.0,0.909377
1970-01-01 00:00:00.000046093,7242.827,44.1276,15519.0,0.908639
1970-01-01 00:00:00.000046094,7134.796,44.202,15289.0,0.904575
1970-01-01 00:00:00.000046097,7121.702,44.1659,15197.0,0.901989
1970-01-01 00:00:00.000046098,7111.749,44.1885,15520.0,0.901417
1970-01-01 00:00:00.000046099,6891.779,44.2106,15311.0,0.904225
1970-01-01 00:00:00.000046100,6614.917,44.2925,15151.0,0.906947
1970-01-01 00:00:00.000046104,6326.182,44.3037,15453.0,0.901319
1970-01-01 00:00:00.000046105,6481.098,44.3425,15087.0,0.887734
1970-01-01 00:00:00.000046106,6415.877,44.3316,15194.0,0.887832
1970-01-01 00:00:00.000046107,6297.054,44.3292,14766.0,0.89022
1970-01-01 00:00:00.000046108,6420.713,44.43,14719.0,0.890264
1970-01-01 00:00:00.000046111,6454.384,44.4347,14577.0,0.891463
1970-01-01 00:00:00.000046112,6711.614,44.4537,14798.0,0.888097
1970-01-01 00:00:00.000046113,6843.09,44.4738,15033.0,0.892096
1970-01-01 00:00:00.000046114,6683.808,44.4588,15156.0,0.900361
1970-01-01 00:00:00.000046118,6681.974,44.5742,15281.0,0.902636
1970-01-01 00:00:00.000046119,6925.197,44.6019,14976.0,0.903165
1970-01-01 00:00:00.000046120,6747.206,44.5214,15817.0,0.905625
1970-01-01 00:00:00.000046121,6838.843,44.5662,15949.0,0.916214
1970-01-01 00:00:00.000046122,6808.333,44.6148,16424.0,0.919585
1970-01-01 00:00:00.000046125,6837.902,44.6665,16463.0,0.920036
1970-01-01 00:00:00.000046126,6957.256,44.7234,16550.0,0.914478
1970-01-01 00:00:00.000046127,6937.545,44.7451,16563.0,0.921959
1970-01-01 00:00:00.000046128,6910.267,44.8068,16403.0,0.922935
1970-01-01 00:00:00.000046129,6968.136,44.8542,16896.0,0.92568
1970-01-01 00:00:00.000046132,6959.606,44.8722,16755.0,0.927036
1970-01-01 00:00:00.000046133,6844.147,44.8877,16602.0,0.930813
1970-01-01 00:00:00.000046134,6828.753,44.9201,16595.0,0.931938
1970-01-01 00:00:00.000046136,6812.498,44.9975,16598.0,0.926885
1970-01-01 00:00:00.000046139,6794.253,45.0375,16806.0,0.922525
1970-01-01 00:00:00.000046140,6658.824,45.0512,16569.0,0.920657
1970-01-01 00:00:00.000046141,6625.246,45.1757,16451.0,0.917899
