Date,GAU/TRY Daily Return,USD/TRY Daily Return,BIST 30 Futures Daily Return,HST Bond Fund Daily Return
1970-01-01 00:00:00.000045048,,,,
1970-01-01 00:00:00.000045049,0.017918776660367675,0.0006170903163102981,0.00297061377450758,0.0050275115264017955
1970-01-01 00:00:00.000045050,-0.00040147300132975516,0.0017730405332483379,-0.019821379750296186,0.0033476977383855022
1970-01-01 00:00:00.000045051,-0.015641163151458914,0.001262017380954772,-0.02840407233508435,0.0
1970-01-01 00:00:00.000045054,0.0025651244290938457,-0.0009120160678784961,0.0489952153110047,-0.0005162536239331494
1970-01-01 00:00:00.000045055,0.007991166495780355,0.00011282398432754803,-0.010445174238277732,-5.0217249386141916e-05
1970-01-01 00:00:00.000045056,-0.0010836974348059636,0.0018562579480658759,-0.0017054620880386784,0.00046871786532509674
1970-01-01 00:00:00.000045057,-0.006075289410463425,0.00013307537184337193,0.09982454520269646,-0.0009417771382405071
1970-01-01 00:00:00.000045058,-0.0023823953357696714,0.0010030500910931384,-0.021704450041981516,-0.0013637538161181961
1970-01-01 00:00:00.000045061,0.007349897461662813,0.004703476482617708,-0.09998712612110028,-0.0007067662688011733
1970-01-01 00:00:00.000045062,-0.009865335813521559,0.003607775290046744,0.01864301721260664,0.01733880925152076
1970-01-01 00:00:00.000045063,-0.0015689945762368263,0.000978557919981471,0.00922111964051675,0.014210604457369325
1970-01-01 00:00:00.000045064,-0.010195056206871222,0.0021375530589295977,-0.04192755438059459,0.0027883567516573393
1970-01-01 00:00:00.000045068,0.008136987992072298,0.0023452821414851055,-0.0018879798615480947,0.011574261807716812
1970-01-01 00:00:00.000045069,0.0031107104471537195,0.0007563991366965617,0.012464836550586833,-0.0014591484254025122
1970-01-01 00:00:00.000045070,-0.005680660947437355,0.002212054943615316,-0.012982035928143731,-0.0030372615095923816
1970-01-01 00:00:00.000045071,-0.002780839703600324,0.0021217011820187093,-0.007522811104639926,-0.004252234839333235
1970-01-01 00:00:00.000045072,-0.0007065398092021002,-5.0170831681795036e-05,0.0472883759597047,-0.00039977169108040833
1970-01-01 00:00:00.000045075,0.006192992952001264,0.008077909176203768,0.029604034366828458,0.003962327832925716
1970-01-01 00:00:00.000045076,0.03174892112808392,0.0188483916404123,0.0602721088435374,0.0023716980436945256
1970-01-01 00:00:00.000045077,0.011131245146259294,0.0159594735865094,-0.008982420120621115,-0.006027777394915779
1970-01-01 00:00:00.000045078,0.012120394752883401,7.212474696238758e-05,0.003366567396089648,0.00039519845433488854
1970-01-01 00:00:00.000045079,-0.010380005465538078,0.007697559474585169,0.025809781907342844,-0.006759613274346488
1970-01-01 00:00:00.000045082,0.02069553111936906,0.014318499539575091,0.043653289721977684,-0.0011583038524070055
1970-01-01 00:00:00.000045083,0.03320539001594924,0.014718472176489916,0.011772741883638638,-0.013582773885120525
1970-01-01 00:00:00.000045084,0.05076343889783774,0.07759631743147333,0.04241293038401972,0.0011496477875772015
1970-01-01 00:00:00.000045085,0.019587880818252135,-0.005329995095888274,-0.006362147129414408,-0.001582192669095317
1970-01-01 00:00:00.000045086,-0.0067169450019829435,0.010613314649747574,-0.0012652403956752156,0.00036133993349452
1970-01-01 00:00:00.000045089,0.010904792021274146,0.010848493407453974,-0.011324810933241225,-8.97121420662117e-05
1970-01-01 00:00:00.000045090,-0.00913559219746396,2.9634898055963532e-05,-0.03836297274209832,-0.0003541586489083093
1970-01-01 00:00:00.000045091,-0.002233221401569674,-0.0030988717905298113,-0.019300654122587413,0.0006660541487850669
1970-01-01 00:00:00.000045092,0.010813314830715903,0.004641524016595566,0.030014822134387442,0.0009771733255283799
1970-01-01 00:00:00.000045093,-0.002353842675006712,-0.001783781955904118,-0.015189671023703832,0.0005258379805936908
1970-01-01 00:00:00.000045096,-0.004172660999541944,-0.0002921822200767643,-0.03498802613954621,0.0011925299546555745
1970-01-01 00:00:00.000045097,-0.008092572218203586,-0.0024525065124849643,-0.013501577287066246,0.0006638199306048254
1970-01-01 00:00:00.000045098,-0.0024260622959415556,-0.0009893590821464793,-0.008228873539694703,0.0006986657131566876
1970-01-01 00:00:00.000045099,0.045702873305885294,0.05782218954151119,0.04471002966338511,-3.2910743712366575e-05
1970-01-01 00:00:00.000045100,0.017444175375155968,0.013874323460986826,0.026295214188716498,-0.0010320208566949596
1970-01-01 00:00:00.000045103,0.034693713893459766,0.026976578290333952,0.027225340817963017,0.008511789899750655
1970-01-01 00:00:00.000045104,-0.006696907431267052,0.0033843102297241856,0.03528631094109835,-0.0009543654636373633
1970-01-01 00:00:00.000045110,-0.0010798778801683895,-0.0036728791526610127,0.05798740715605333,0.003026990666778806
1970-01-01 00:00:00.000045111,0.005645180943858685,0.003501132946548857,-0.003955668008980395,0.0010082804742876927
1970-01-01 00:00:00.000045112,0.0014701706354853794,0.0029465391628136217,0.027084078711985704,0.0057807233231832456
1970-01-01 00:00:00.000045113,-0.003070665004656581,0.0003490173818327946,-0.009509875640087762,0.002150975340108552
1970-01-01 00:00:00.000045114,0.0038462639582661495,-0.0010390187981887955,0.002813533094182974,0.00018694090820980946
1970-01-01 00:00:00.000045117,0.005319498503968401,0.0015352021861279042,0.005190432769867526,0.0031750939721670868
1970-01-01 00:00:00.000045118,0.0010323685148572181,-0.003947086054140181,0.017060916893447686,0.00025761991401940243
1970-01-01 00:00:00.000045119,0.01617495940088265,0.005409315102222978,0.0002401289835682885,-8.738424462062522e-05
1970-01-01 00:00:00.000045120,-0.004233550356089855,-0.004982244535602698,-3.4295905068981725e-05,0.0006669380414559001
1970-01-01 00:00:00.000045121,0.0031373671200516373,0.0035650281125734207,0.005144562197757052,0.00016547425611279643
1970-01-01 00:00:00.000045124,0.0071982923174311875,0.009189394258736217,0.024226294059439768,0.0008915748474787044
1970-01-01 00:00:00.000045125,0.03200473885384092,0.0221605385967778,-0.03521337908518507,0.004800573038273637
1970-01-01 00:00:00.000045126,-0.003945499899567051,-0.005390304880993568,0.031284530386740395,0.004112744022812143
1970-01-01 00:00:00.000045127,-0.0020998612403251293,-0.0017890758060178369,0.014029331011852886,-0.0007827717401197587
1970-01-01 00:00:00.000045128,-0.0002138352587317538,0.009249523866540432,-0.00980683506686475,-0.0024002550555656255
1970-01-01 00:00:00.000045131,-0.0018714586977586212,-0.001898201528200416,-0.006702681072428995,0.00570690261284823
1970-01-01 00:00:00.000045132,0.0017407470200672126,-0.0011106282292723257,-0.014167254171282728,-0.0004675803398356271
1970-01-01 00:00:00.000045133,0.003471918187785583,0.0009631188689489534,0.02513195981610772,0.0007970751203560944
1970-01-01 00:00:00.000045134,-0.01104147963088864,0.0007987309465518067,0.01966581403846801,0.008815300729956732
1970-01-01 00:00:00.000045135,0.0037519830260666076,-0.0014439923976954372,0.0412445023619481,0.00027890489343129765
1970-01-01 00:00:00.000045138,0.003561561565104787,-0.000178436671710136,0.013297456274834918,0.0012614678899081078
1970-01-01 00:00:00.000045139,-0.004254943917981424,-6.320759978428736e-05,-0.015716667695917952,-0.00022457728939695443
1970-01-01 00:00:00.000045140,-0.00891523530530014,0.002327674036394889,0.017724378078238123,0.000478457077009109
1970-01-01 00:00:00.000045141,0.007977406878130644,0.00039322758231818966,-0.01664508969853895,0.00025146274983489647
1970-01-01 00:00:00.000045142,-0.004993697303935396,-0.001108762561649379,0.03313271895178982,0.0006644130494313227
1970-01-01 00:00:00.000045145,-0.0010601758169441755,0.0013921320409397975,0.004581449679905258,0.00176984401146707
1970-01-01 00:00:00.000045146,-0.004051375291486026,0.00017794517805636012,-0.009966777408637828,-0.00020152667653405842
1970-01-01 00:00:00.000045147,-0.006905325344878199,0.0003595335700572466,0.03901769371568031,0.00015901420153596746
1970-01-01 00:00:00.000045148,0.0025091417761284873,0.0003519939531144711,-0.0302416395079127,0.0
1970-01-01 00:00:00.000045149,-0.0006901758179422846,-0.00501507485573327,0.03496926942989487,0.0005822129466244164
1970-01-01 00:00:00.000045152,-0.003842091998991881,0.005598737306054424,-0.005821436929557722,0.005487521036989351
1970-01-01 00:00:00.000045153,-0.0029732485933389174,0.0011253590783901757,-0.010092687950566392,-0.0006677290978535089
1970-01-01 00:00:00.000045154,-0.0033119844659349473,-0.00021816299363996983,-0.008322929671244261,-0.007374427596529065
1970-01-01 00:00:00.000045155,4.728077933280339e-05,-0.00023670302277156718,0.012888915532641931,0.005122589880921735
1970-01-01 00:00:00.000045156,-0.0019717577374670503,-3.699360380593486e-05,-0.03645833333333337,0.007880238237683912
1970-01-01 00:00:00.000045159,0.006438941200477943,0.004006555509106224,0.04388820638820645,0.00164346181276942
1970-01-01 00:00:00.000045160,0.002491633205523369,0.0017539334537013396,-0.015387331195386711,-0.0004510998876673389
1970-01-01 00:00:00.000045161,0.009646807422010184,-0.0002721929185700578,-0.0261459391621347,-0.00019467992849930837
1970-01-01 00:00:00.000045162,-0.04850053747061489,-0.05139224112556673,-0.007946979227394069,0.0004978581038022067
1970-01-01 00:00:00.000045163,0.024285206751335053,0.029636496214471952,0.02860942719287385,0.00015260051176468892
1970-01-01 00:00:00.000045166,-0.005686639028720131,-0.001638634094890179,0.026099768469795892,-0.011909868872034157
1970-01-01 00:00:00.000045167,0.01749032399765471,0.0019394030864430256,-0.0065641025641025585,-0.003271835360886599
1970-01-01 00:00:00.000045169,0.006764854200098869,0.0036076883680293825,-0.002654788944278952,0.002225056243853718
1970-01-01 00:00:00.000045170,0.000908692335873873,-0.0007166925576543859,0.05276389340747101,0.00038980852336489846
1970-01-01 00:00:00.000045173,0.0010386770698385117,0.004070428934591419,0.00955190335721312,0.00021498296931787841
1970-01-01 00:00:00.000045174,-0.005852755602496873,0.0009386862132800822,0.013552247112842641,0.00022837030917299828
1970-01-01 00:00:00.000045175,-0.004078359491350603,0.0010349491492493978,-0.007056174839382812,0.0002842785033967399
1970-01-01 00:00:00.000045176,0.004373553803066477,-0.00035831190304691507,0.014184985483201906,0.0012307774933313365
1970-01-01 00:00:00.000045177,-0.0012875458869057166,0.0014972351555295749,-0.001744915208026665,-0.0023735980796653067
1970-01-01 00:00:00.000045180,0.00291218070126531,-0.0006747990515532098,-0.024799257114764828,0.00038309884398257665
1970-01-01 00:00:00.000045181,-0.003358691524554702,0.001667617992366921,-0.007589760824511238,-0.006154108001460212
1970-01-01 00:00:00.000045182,-0.003376652548974013,0.002685348648387098,-0.013461267108790698,-0.004698242158893029
1970-01-01 00:00:00.000045183,0.0027931166941130847,-0.0021915569340490437,0.015504319469077155,-0.0012021788642918585
1970-01-01 00:00:00.000045184,0.008522164273250699,0.0021070265239646613,-0.025211267605633858,-0.003792214739543054
1970-01-01 00:00:00.000045187,0.005752452820241505,0.003454796037014596,-0.030197948273370856,0.002031882118982198
1970-01-01 00:00:00.000045188,-0.00030795751496759394,-0.002521092399332181,0.0074493444576877454,-0.007532011617054857
1970-01-01 00:00:00.000045189,-0.001240551372054699,0.0013583729216151141,-0.0065956817509612575,-0.00021964445054578619
1970-01-01 00:00:00.000045190,-0.0004844279097293569,0.004873872337902041,0.033703516241403,0.005929414564711077
1970-01-01 00:00:00.000045191,0.003999660974864483,-0.0003061363745339163,-0.00103689622396963,-0.0008917907476709841
1970-01-01 00:00:00.000045194,-0.0027709526167697396,0.0028372405345375995,0.03281146382954181,0.003356308334073521
1970-01-01 00:00:00.000045195,-0.003234110235168952,0.002601110346679869,-0.00963122190893606,-0.002040181823545817
1970-01-01 00:00:00.000045196,-0.012940735295964734,-0.015452417123523854,-0.0021986695230578057,0.0002728835605845248
1970-01-01 00:00:00.000045197,-0.001290013754491337,0.019846964066745354,0.0037855246059099734,-0.0007252175652694426
1970-01-01 00:00:00.000045198,-0.011576583764146053,0.00030698612715074347,0.02203647416413368,0.0018405228996085654
1970-01-01 00:00:00.000045201,-0.010696309754720357,0.0019326883731805022,0.012391573729863659,0.002550197793613318
1970-01-01 00:00:00.000045202,0.0018638311284617792,0.0014293996885950122,-0.0013055895552835928,0.001198239561838399
1970-01-01 00:00:00.000045203,0.00018393076771583416,0.0011324203573495062,-0.02581910286788136,0.00040723060564240576
1970-01-01 00:00:00.000045204,0.0002718207345351331,0.0004473638268156499,0.013894713299225536,0.0025848617110291183
1970-01-01 00:00:00.000045205,0.0072350282331996585,0.001228791530790696,-0.006700490817845961,0.0005774440431911554
1970-01-01 00:00:00.000045208,0.020327416692376143,0.0045206150941339285,-0.02712156122477305,0.002119078696721566
1970-01-01 00:00:00.000045209,-0.0010649075614460601,0.0014458702331465734,0.02428237173999892,0.00033068708678185565
1970-01-01 00:00:00.000045210,0.007948892654072726,-0.0002562714311494796,-0.011616569629774087,0.0009535032248197961
1970-01-01 00:00:00.000045211,0.0022091905437313653,-0.00010470107842108778,-0.014543404735061993,0.0003325095484161267
1970-01-01 00:00:00.000045212,0.031058658927767713,0.002390323163025787,-0.014700835144720314,0.0004154987782090114
1970-01-01 00:00:00.000045215,-0.0041085343120796924,0.0033860207771998496,-0.015355587808417948,0.0008531024867937109
1970-01-01 00:00:00.000045216,0.00600366335073943,0.0022796461701943826,0.016715309100557185,0.0006931157234086882
1970-01-01 00:00:00.000045217,0.01652653311460517,0.0028332264754447056,-0.035548596613314776,0.0011162865763176821
1970-01-01 00:00:00.000045218,0.012923399794908086,-0.0014608290651408895,-0.017647766219710204,0.002028570149120057
1970-01-01 00:00:00.000045219,0.0006492897936920539,-0.000307616366621577,-0.03559296097934206,0.00036869366249114854
1970-01-01 00:00:00.000045222,-0.0004206148379455321,0.003953728849339644,0.03316197004315824,0.002242618234451932
1970-01-01 00:00:00.000045223,0.0014789430158093086,0.0014968566011375195,0.026046625917621302,0.0016982582823521497
1970-01-01 00:00:00.000045224,0.005533924559801395,0.00046617889882138996,-0.06750486454123639,-0.0038223901285329154
1970-01-01 00:00:00.000045225,0.001444117338990969,0.0005086451897460265,0.021316211878009694,0.0007750050810850784
1970-01-01 00:00:00.000045226,0.011561870639680505,0.0012585234746624874,0.007543848620104265,0.0007364657677320086
1970-01-01 00:00:00.000045229,-0.002504617097173978,0.002318595634080989,-0.001279091533037957,0.0002319274958966222
1970-01-01 00:00:00.000045230,-0.004575759447049466,0.0016401630952675994,-0.01986692906006937,0.002278605190404015
1970-01-01 00:00:00.000045231,0.001568083111174401,0.001319177229515578,0.05185326831755743,0.0005872643712934167
1970-01-01 00:00:00.000045232,0.0031832409773147052,0.000127152317880741,0.015422373045691495,0.0008159073022591112
1970-01-01 00:00:00.000045233,0.002649428658372477,0.0021683777073822075,0.010831617581237074,-0.0015949423888149683
1970-01-01 00:00:00.000045236,-0.005742854283800836,-0.0005532552198045382,0.01980753335694896,0.001501818869519722
1970-01-01 00:00:00.000045237,-0.0022905022681060094,0.0030498769471614118,-0.00011578429386049915,0.0008641947881724565
1970-01-01 00:00:00.000045238,-0.008390999864205329,-0.0005589086166835067,0.001650117245172611,-0.0029321737817938898
1970-01-01 00:00:00.000045239,0.0043704612935535625,-0.0007526624555085348,-0.005202312138728349,-0.0036175584040890607
1970-01-01 00:00:00.000045240,-0.009608347826086994,0.004016050121431691,-0.01385822196397446,0.0014366371519283216
1970-01-01 00:00:00.000045243,0.006171576918538424,0.0012375066169796334,-0.020770114603894774,0.0021819836864367392
1970-01-01 00:00:00.000045244,0.009276256525073023,0.002048290640187078,0.01772068114808345,-0.0005565524027479896
1970-01-01 00:00:00.000045245,0.00036354521323822553,0.001271886760148,-0.002424099092440901,4.677643536821208e-05
1970-01-01 00:00:00.000045246,0.012086112862721654,-0.003946913834439014,0.01434286560971998,0.0012228124686779474
1970-01-01 00:00:00.000045247,-0.0012843565373747978,0.003934525019094526,0.01069268748721841,0.003056634498591837
1970-01-01 00:00:00.000045250,0.0034776945976708884,0.0012388979043431725,0.011620176326058607,0.0071392452227603265
1970-01-01 00:00:00.000045251,0.009643265174795523,0.002746601603345944,0.012972540503471741,0.0017220611001371733
1970-01-01 00:00:00.000045252,-0.00314249016148882,0.0020647367981980747,-0.004090152605004116,0.00047484111508522275
1970-01-01 00:00:00.000045253,0.0017495854961584456,-0.0016754427955959494,-0.01501161275703844,0.00019555926654279965
1970-01-01 00:00:00.000045254,0.005065964088232011,0.0028040403198066333,0.00790775247296982,0.0010698735044838426
1970-01-01 00:00:00.000045257,0.008190832402760861,0.0007518901200944672,0.025591281275855193,0.003063546647764648
1970-01-01 00:00:00.000045258,0.014842571908220137,0.00026659926667882416,-0.0011961722488038617,0.00226876434386325
1970-01-01 00:00:00.000045259,0.0009278345635206353,-0.0003911388023538631,-5.5702548391600715e-05,0.0020584396023697327
1970-01-01 00:00:00.000045260,-0.0041866245569412985,-0.0008137485413124423,-0.01888421580369326,0.003380843773213238
1970-01-01 00:00:00.000045261,0.015572575802190736,0.0011540380936538863,0.01095812633073101,0.012086172871133671
1970-01-01 00:00:00.000045264,-0.017459007704826446,0.0014123267043979482,0.008424363258543677,0.026610121499176298
1970-01-01 00:00:00.000045265,-0.007319763838325222,-0.00196686404441182,-0.008576759210269791,-0.004110067052390254
1970-01-01 00:00:00.000045266,0.00402862550990446,1.3854061318152588e-05,-0.023003679465213644,0.006942725140260286
1970-01-01 00:00:00.000045267,0.0004621599264365006,0.001672854728325568,0.008940892364305508,0.0038506177032566757
1970-01-01 00:00:00.000045268,-0.009659506762132009,-0.0022613247767201416,-0.01156859951560052,0.00029889719389508684
1970-01-01 00:00:00.000045271,-0.011039010071831501,0.0030392608739349125,-0.02262965205108247,-0.0018675492566115892
1970-01-01 00:00:00.000045272,0.002027428771943507,-0.001392372699821065,0.00297899952807934,-0.0009022587653192415
1970-01-01 00:00:00.000045273,0.024027003628369403,0.0014738903439424078,-0.023878841346860802,0.004654782440421057
1970-01-01 00:00:00.000045274,0.0012254087070513453,0.0007462248278673478,0.03892386949055515,0.0018723411306122983
1970-01-01 00:00:00.000045275,-0.007759329538266968,-0.0005592512937001581,0.018906771059881144,0.004887104576595691
1970-01-01 00:00:00.000045278,0.006304984013101755,0.002987796664030151,-0.022454962005862722,0.006099743666758473
1970-01-01 00:00:00.000045279,0.007779457628693365,0.0011192385045595277,-0.012955630604401969,0.006283598234130938
1970-01-01 00:00:00.000045280,-0.0029998664281580822,0.001431023629089756,-0.0028021119075007928,0.004273313229999021
1970-01-01 00:00:00.000045281,0.010322283038713742,-0.00020953774599219432,0.007956696639848548,0.0020800158631559817
1970-01-01 00:00:00.000045282,0.003131037100787548,0.003181518333241762,-0.030225665404818525,-0.00022008864120504068
1970-01-01 00:00:00.000045285,0.0037578550003991573,0.0016507866923303194,-0.033437225769358814,-0.0014399793192310106
1970-01-01 00:00:00.000045286,0.005647958063808023,-0.0021643689479731165,0.0024419259908583513,0.0007705796336408
1970-01-01 00:00:00.000045287,0.009069895352892043,0.006517470727921415,-0.007901311680199918,-0.0007881749505874724
1970-01-01 00:00:00.000045288,-0.0020550957008904636,0.001229007295741491,0.00796423961973125,0.0035738556380757736
1970-01-01 00:00:00.000045289,-0.01046340485732089,0.0022849837126905914,0.0025921299188007563,-0.003839247386591027
1970-01-01 00:00:00.000045293,0.015273792890543092,0.0067986131372002045,0.0800548235367411,-0.0024823685073014357
1970-01-01 00:00:00.000045294,-0.006659042119278924,0.0005290292145432307,-0.023245753179707562,-0.004301716427445923
1970-01-01 00:00:00.000045295,0.0025852971763076216,0.0018960889376851142,0.016476215785277804,-0.007982678057107062
1970-01-01 00:00:00.000045296,-0.001341051045571362,0.0023933577599246636,0.00909222948438626,-0.003236013379354752
1970-01-01 00:00:00.000045299,-0.0027107131610202284,0.0018745682456857704,0.027549081697276767,-0.005300313322058381
1970-01-01 00:00:00.000045300,0.0014892893991254041,-0.0003447571804887639,-0.007283933323994907,0.0004949572348664777
1970-01-01 00:00:00.000045301,-0.005711695561567476,0.0028828961554687726,0.020459997177931344,0.016335857953381216
1970-01-01 00:00:00.000045302,0.011171386940846073,0.00041065842233733996,-0.0017975663716813806,0.0038513159850996903
1970-01-01 00:00:00.000045303,0.008174152863062778,0.003317291968415681,0.005014544950824318,-0.0035139543754006963
1970-01-01 00:00:00.000045306,0.002005038560566774,0.0003559121329448356,0.008628294188995467,0.0007716426419090983
1970-01-01 00:00:00.000045307,-0.011693702578139176,-0.001911931449776083,-0.00363497225942222,-0.007336142198279272
1970-01-01 00:00:00.000045308,-0.008383399372479672,0.002458623171024188,-0.005321483432082497,-0.0018240209209051672
1970-01-01 00:00:00.000045309,0.007429514337407017,0.0006480429104105401,-0.006480613314213235,-0.0020840049030578234
1970-01-01 00:00:00.000045310,0.0037436749678811942,0.003042168574664217,-0.0077997057762233535,0.0003888664850584256
1970-01-01 00:00:00.000045313,-0.0015566699448463783,0.0005794375813281682,0.004112348234767582,0.0035313450578651207
1970-01-01 00:00:00.000045314,0.004858321006161681,-3.309154444863793e-05,-0.010029810826623575,-0.0023199858997322576
1970-01-01 00:00:00.000045315,-0.007450620598286384,0.00034085418721163663,0.021078996988714627,0.004024223400889815
1970-01-01 00:00:00.000045316,0.0037968668583028276,0.00020510445440558023,0.0018742075960531679,-0.0011580302029008394
1970-01-01 00:00:00.000045317,-0.0008680410056678411,0.0013097533628578795,0.023383768913342484,0.007300361535861777
1970-01-01 00:00:00.000045320,0.007742901704648197,0.0012551900456823084,0.01212365591397857,-0.0022246669608486647
1970-01-01 00:00:00.000045321,0.0029172844183313895,0.0003826829372894913,-0.0016732623303498118,0.0004687515922268126
1970-01-01 00:00:00.000045322,0.0017182182438963967,-0.00029020013916403187,0.004230073427689662,0.0017926440481161876
1970-01-01 00:00:00.000045323,0.010027004471956591,-0.0014877074461242534,0.008689432272763309,0.0009435209191195337
1970-01-01 00:00:00.000045324,-0.005142454030368504,0.004261645193260666,-0.0003676953381483994,0.0027506963080943247
1970-01-01 00:00:00.000045327,-0.00603004177104427,0.004444225138984681,0.012243503849084458,0.0028991497043111547
1970-01-01 00:00:00.000045328,0.005923844189273497,-0.0067629306251043575,0.0028810963739716033,0.00024645269724277163
1970-01-01 00:00:00.000045329,0.0011739934218384374,0.007006818871259091,-0.001526994150836014,0.00145815577627606
1970-01-01 00:00:00.000045330,0.0015195595873027656,0.0009659431370558913,0.004043650690790379,0.006989763404777083
1970-01-01 00:00:00.000045331,-0.0044794881610323856,-0.00037946194912596987,0.011126887827546117,-0.0005267015664865982
1970-01-01 00:00:00.000045334,-0.001669780084705641,0.002693239086327681,0.012459786549558372,-0.0008195226731266825
1970-01-01 00:00:00.000045335,-0.013325415986687572,0.0024314383344810064,-0.018535330609774525,0.001846942417910391
1970-01-01 00:00:00.000045336,0.0021058634802710863,0.0006544076471277638,0.008633315347259751,0.006651547390523538
1970-01-01 00:00:00.000045337,0.006612200717521999,-0.000549863510211468,0.019003948541587157,0.0016345002843474177
1970-01-01 00:00:00.000045338,0.0058612990497057815,0.0032619311153070374,-0.004224894377640509,0.001935568401994825
1970-01-01 00:00:00.000045341,0.0026390471777273383,-0.0001979349864690283,-0.004443663386222152,0.0017970965102247494
1970-01-01 00:00:00.000045342,0.0053341514097577925,0.0027911112842031738,0.017248770646828948,0.003929906449634979
1970-01-01 00:00:00.000045343,0.004204025706233017,0.000245969816914382,-0.004511762810183728,-0.0027915846626359597
1970-01-01 00:00:00.000045344,0.00089924764102145,-0.000854211359069601,-0.003635729760689266,-0.00033980007112088817
1970-01-01 00:00:00.000045345,-0.00267751848674469,0.0027785603948276005,0.003624003399065323,-0.00576275473905552
1970-01-01 00:00:00.000045348,0.008208311435909055,0.0025157354570144452,-0.009139356509612506,0.003432771739562579
1970-01-01 00:00:00.000045349,-9.638383584065213e-05,0.00098250813387879,-0.01907562391615769,-0.004084632313759995
1970-01-01 00:00:00.000045350,0.004350969341084143,0.0030894492091331216,-0.011375864719446627,-0.00022078260471758426
1970-01-01 00:00:00.000045351,0.007241256554860076,0.0006031537239929996,0.0061680402218420305,0.00030836811593060176
1970-01-01 00:00:00.000045352,0.02142515101058584,0.003898897984179861,0.039769214918607076,0.001668652210317756
1970-01-01 00:00:00.000045355,0.021784387395611615,0.008102868421809184,-0.01771204914783986,0.0006274322929076259
1970-01-01 00:00:00.000045356,0.010544452808251892,0.0019104284682354145,-0.006002067939374078,-0.0025637158799577398
1970-01-01 00:00:00.000045357,0.012114113557657236,0.003010381388759864,-0.005099581377648099,-0.005437031496188238
1970-01-01 00:00:00.000045358,0.011132496012722815,0.0044799505660626515,0.029555770898148648,-0.0002740378172187974
1970-01-01 00:00:00.000045359,0.007652089156815478,-0.0006653861122619675,0.013053278180962469,0.0033233692281218197
1970-01-01 00:00:00.000045362,0.005565968030102564,0.003291457286432209,-0.002127139364303199,0.0018785334676092447
1970-01-01 00:00:00.000045363,-0.010448880454868248,0.002598231950113883,-0.007620121039864758,-1.9904577456264505e-06
1970-01-01 00:00:00.000045364,0.00947750630808053,-0.00375923416531887,-0.018295392820107614,0.004217788358187757
1970-01-01 00:00:00.000045365,-0.004073938762314544,0.007418341826660901,-0.007746284047181917,0.005763951517794075
1970-01-01 00:00:00.000045366,-0.006631648180385197,-0.0009239642733813724,-0.009758446759435269,0.0008139165942417925
1970-01-01 00:00:00.000045369,0.011194154049047889,0.004097850185586394,-0.009137913381795815,0.00218377586464924
1970-01-01 00:00:00.000045370,-0.0005524662815417081,0.003482602493332543,0.026555759344889074,0.000766291053060808
1970-01-01 00:00:00.000045371,0.022189643408865534,-0.006258054347725306,0.00047811973124645135,0.0011819333051921177
1970-01-01 00:00:00.000045372,-0.01805229728011637,-0.00393086161749967,0.021178127672418112,0.0007765665170405001
1970-01-01 00:00:00.000045373,-0.011660765634041503,-0.0005057853097468756,-0.0061083743842365035,0.0005467018593741102
1970-01-01 00:00:00.000045376,0.008460010668666973,0.003167443429585415,-0.006344171292624878,0.00825088325382084
1970-01-01 00:00:00.000045377,0.00433354361170446,0.0018402844812015484,-0.025538707102952918,0.0006099159908707907
1970-01-01 00:00:00.000045378,0.00787710598412894,0.00224406891342932,0.004069410319410327,0.0010133187353316142
1970-01-01 00:00:00.000045379,0.022288556689159966,0.0018172852982858423,0.029772373887996695,-7.950960029956544e-05
1970-01-01 00:00:00.000045380,0.000610906376985465,0.0012846507452521916,0.000618827198693106,0.0032077886815873313
1970-01-01 00:00:00.000045383,0.0025272043972153213,-0.008378161132751916,0.007619236097367921,0.0034391831021856056
1970-01-01 00:00:00.000045384,0.0075376442933030585,-0.0009789555728761945,-0.017701070411470066,0.0017320003930234584
1970-01-01 00:00:00.000045385,0.0037814613114821594,-0.002967831329813042,-0.0018494913898677856,0.0023732959965536704
1970-01-01 00:00:00.000045386,-0.00317437716990987,-0.0024476892498864755,0.022235020156746943,0.003100620507841656
1970-01-01 00:00:00.000045387,0.019959682733207806,0.005243126045252122,0.046638089406001226,0.0002524856446608492
1970-01-01 00:00:00.000045390,0.008038614692488899,-0.0019040246711654607,0.0009595356783449471,-0.00011856180703495589
1970-01-01 00:00:00.000045391,0.009300081328679877,0.00920053539485366,0.005658171615618324,-0.002231903792897727
1970-01-01 00:00:00.000045397,0.018055986832025583,0.004050126120989317,-0.014716823212126862,0.007023126096165511
1970-01-01 00:00:00.000045398,0.002265054423274293,-0.0004814621635551575,-0.011255574695014037,0.0016331378516813988
1970-01-01 00:00:00.000045399,-0.007561489798974419,-0.00012659908539880416,-0.003197938045916615,-0.003241946916444749
1970-01-01 00:00:00.000045400,0.008343632241008647,0.004348148331150936,-0.0043813445700057185,-0.002564244329588461
1970-01-01 00:00:00.000045401,0.00034743256959690605,-0.0008701694831868556,0.019790789948298748,0.0013819441258773324
1970-01-01 00:00:00.000045404,-0.019889020612520292,-0.0002431210589001198,-0.008559705715902699,0.0009696525475328954
1970-01-01 00:00:00.000045406,-0.007293837086164379,0.0016345402047639457,0.010060649304316716,0.003148318004908557
1970-01-01 00:00:00.000045407,0.005194106064297044,-0.0007406428534110221,-0.008594706602618407,0.0010188990567578937
1970-01-01 00:00:00.000045408,0.000403506901444306,-0.0034322409211692273,0.02398878939743021,0.00166162166678685
1970-01-01 00:00:00.000045411,-0.002621327067835577,0.00036107099211202254,0.018022406234778465,0.005023991931279559
1970-01-01 00:00:00.000045412,-0.019007820536583564,-0.0004504045928929168,-0.003987240829346095,0.0018146868910564606
1970-01-01 00:00:00.000045414,0.005047007510392998,-0.0030647486011105007,0.08699531053414167,0.002664376997105755
1970-01-01 00:00:00.000045415,-0.0023543084093994304,0.0010278192276496068,0.0018519297950250202,-0.005267645202968518
1970-01-01 00:00:00.000045418,0.008165096905686342,-0.002232902216201871,0.0010292820232744582,0.002580749908909219
1970-01-01 00:00:00.000045419,-0.0048307016453230656,-0.00033785459234281223,0.007491344035253311,0.001188194133220799
1970-01-01 00:00:00.000045420,-0.0012826684835026692,-0.0008557741500395677,-0.010539031908689545,0.0015516589585267138
1970-01-01 00:00:00.000045421,0.015848790991775275,0.0004375634234217163,-0.005009893487138428,0.0035529582320841246
1970-01-01 00:00:00.000045422,0.0032982071873413066,-0.0012128543954338378,-0.014639925531014675,0.00534425137442307
1970-01-01 00:00:00.000045425,-0.007617603582675159,0.002332377814148856,-0.013526279628993443,0.010088187885984867
1970-01-01 00:00:00.000045426,0.008050419114870033,-0.00025097601784718204,0.013951160057458667,0.0005270121360207991
1970-01-01 00:00:00.000045427,0.011595364635201388,-0.003282102777235618,-0.004894069160924719,0.0019669667457382634
1970-01-01 00:00:00.000045428,-0.0028017353779129506,0.003470149253731458,0.011367803447011271,-0.0017131219257547903
1970-01-01 00:00:00.000045429,0.013791806082779301,-0.002258952143680437,0.0328882822164398,0.0014453953570585654
1970-01-01 00:00:00.000045432,0.005120863168376788,-0.0020497721957719595,0.007784752622449931,0.0016473949647815012
1970-01-01 00:00:00.000045433,-0.002643871152560706,-0.00031432154783139765,0.021821534678823973,0.0008737391815121232
1970-01-01 00:00:00.000045434,-0.01613147086924538,0.0019768013797141215,-0.0038700621616202246,0.00265377498115571
1970-01-01 00:00:00.000045435,-0.02025805687761073,-0.0008575130258094976,-0.016567022968375755,0.004671598001126931
1970-01-01 00:00:00.000045436,0.0006373338586511679,0.0012998118693348104,-0.015413272198796402,-0.001165199849980425
1970-01-01 00:00:00.000045439,0.004324492442891348,-0.002239109573513254,0.002494750628885045,0.0018974813259402534
1970-01-01 00:00:00.000045440,0.007601988541834803,0.00327749453750914,0.0013894361377821962,0.0011370603442473204
1970-01-01 00:00:00.000045441,-0.008337924416332965,-0.001582204848992519,-0.015531809145129194,0.0013738260692581772
1970-01-01 00:00:00.000045442,0.0016633894816580064,0.0006742794997280921,-0.0003365728469855167,-0.0007748927490363045
1970-01-01 00:00:00.000045443,-0.009074200329409865,0.0008694518106333593,-0.008501325701780194,-0.003241817815287318
1970-01-01 00:00:00.000045446,0.009898881102562651,-0.0019980019980019303,0.011885054543911089,0.002284852195207243
1970-01-01 00:00:00.000045447,0.004933818985582095,0.012643077860469143,-0.028105205755274976,0.005662750915311543
1970-01-01 00:00:00.000045448,1.4728787783857555e-05,-0.010566547452762198,0.004963528853209054,0.006240046565353152
1970-01-01 00:00:00.000045449,0.009709810332829028,4.96427274956357e-05,-0.0153538910840062,-0.003745600939903282
1970-01-01 00:00:00.000045450,-0.03312409186203025,0.00034437932607134236,-0.00931236778400546,0.0019943451479351726
1970-01-01 00:00:00.000045453,0.008125008119560073,0.0029277672673138078,-0.017545018271474477,-0.0003905167418306599
1970-01-01 00:00:00.000045454,0.001186397910542869,-0.00047313636841561646,0.006206726567926646,-0.0037698687747205195
1970-01-01 00:00:00.000045455,0.0018833650618341746,-0.000485735765931139,0.016634748140560207,-0.0015920833160150138
1970-01-01 00:00:00.000045456,-0.003021975631073648,-0.0008543198870811786,0.007666527939018231,-0.0016181522655942526
1970-01-01 00:00:00.000045457,0.022328645437355243,0.010796559971250508,0.0027389518074907304,0.0023350761800475794
1970-01-01 00:00:00.000045463,0.013693093682847435,0.005477008517407178,0.02482169567950754,0.00341487060389678
1970-01-01 00:00:00.000045464,-0.01676191652774961,0.0007986343961470244,0.004632567584718972,0.0009625714718328737
1970-01-01 00:00:00.000045467,0.006921217001733426,0.002579784479870284,-0.0024845766744573394,-0.0001854859913055229
1970-01-01 00:00:00.000045468,-0.004102470192673402,0.00011240426650149793,-0.0126860158311346,0.008002593683300363
1970-01-01 00:00:00.000045469,-0.012678676545668899,-0.0025121048826571846,-0.015243511352460715,0.0007344033107117287
1970-01-01 00:00:00.000045470,0.014086660071356283,-0.0010292984630564384,0.015826838323093284,0.0012373917282235691
1970-01-01 00:00:00.000045471,-0.005577033640572715,-0.00474330952533375,-0.011669160076939522,0.002220272424751535
1970-01-01 00:00:00.000045474,0.0004988888384960255,-0.0005758304363140399,0.04087016694057599,0.004971645251580448
1970-01-01 00:00:00.000045475,-0.003842918167487497,-0.002534500776899651,0.010948601819919412,0.0047204137532956825
1970-01-01 00:00:00.000045476,0.012161935021010706,-0.000393277414200921,0.027619654343314037,0.0009533930041043526
1970-01-01 00:00:00.000045477,0.001719783095091021,-0.0006516219854798555,0.014418558144185578,0.009901617639809235
1970-01-01 00:00:00.000045478,0.01542114912003334,0.0037523452157599557,-0.005303000433702687,0.005475826865546596
1970-01-01 00:00:00.000045481,-0.01060446358282019,0.0012103569787038637,0.000990942782963744,0.0029856801785166365
1970-01-01 00:00:00.000045482,0.007290706612950615,0.004361199100215707,-0.01065198883323104,-0.0010199230735986609
1970-01-01 00:00:00.000045483,0.0023485836777830116,0.0012005972514246288,-0.007044367507854865,0.0030836585133722227
1970-01-01 00:00:00.000045484,0.020954588161104182,-0.0016769944363960176,0.024326339762581473,-0.003146634188249564
1970-01-01 00:00:00.000045485,-6.0908211715560157e-05,0.006710099904577049,0.0005312450810641689,-0.0014381068906260674
1970-01-01 00:00:00.000045489,0.023886063469441554,0.0009599835258347067,0.004306699966569072,0.004079637858484864
1970-01-01 00:00:00.000045490,-0.0009831255536755235,-8.773761008817882e-05,-0.0006265909535930758,-0.0014878332522102466
1970-01-01 00:00:00.000045491,-0.008094146173317052,-4.23598041765505e-05,-0.0029977663701555857,0.00010025859803919346
1970-01-01 00:00:00.000045492,-0.018964258541671053,0.00018457553678197236,0.00031443450918744453,-0.0023385566283302683
1970-01-01 00:00:00.000045495,-0.004887044467867918,-0.00442899539856445,-0.0014734484587729524,0.001389444724527955
1970-01-01 00:00:00.000045496,0.0026577512554541993,-0.0016956105565431034,-0.013870853500177027,0.0004048365861548664
1970-01-01 00:00:00.000045497,-0.002571680532877707,-0.0022372590380698165,-0.009576824085712587,-0.00016774896453930488
1970-01-01 00:00:00.000045498,-0.007744393621902379,0.005149607067896689,-0.01428254869966361,0.0020288922559621447
1970-01-01 00:00:00.000045499,0.004324103150815439,-0.0013293674881630357,-0.0020232158914411658,0.0006662972686990454
1970-01-01 00:00:00.000045502,0.0011189912070785901,0.004303401997313383,-0.0118567362234554,0.0005847781724215295
1970-01-01 00:00:00.000045503,0.013736473226579893,0.0010167706637453922,-0.0015957226343930042,0.0011688728135355042
1970-01-01 00:00:00.000045504,0.01698206305641281,0.001834978869024173,-0.0014322186935674663,0.00028068411155723894
1970-01-01 00:00:00.000045505,-0.00016402627792966307,-0.0016535858370976264,0.010538787727612853,-0.003048785736296522
1970-01-01 00:00:00.000045506,-0.0005527212514038204,0.0024995995200285392,-0.035174328910829944,0.002448559528660965
1970-01-01 00:00:00.000045509,-0.009649207583755537,0.00472744814278836,-0.05653981451870804,0.008347486968894202
1970-01-01 00:00:00.000045510,-0.001889007817812649,0.007345880545419625,-0.004180507536212241,-0.001226553691619059
1970-01-01 00:00:00.000045511,-0.002492405225360095,-0.004179376578809513,0.016519923754197974,-0.005945315413007912
1970-01-01 00:00:00.000045512,0.017295953412788778,0.001992264271163391,0.0019421376908652643,-0.0020819496684364447
1970-01-01 00:00:00.000045513,0.0007956492781040492,-0.0003582528010891428,-0.025221130494842092,0.0021656068526971772
1970-01-01 00:00:00.000045516,0.01971305282983571,-0.0034016348155382348,-0.008731229000479956,1.5484350483152554e-05
1970-01-01 00:00:00.000045517,-0.005123718929773813,0.00479772250524424,0.014941548110401381,0.0012593743386992706
1970-01-01 00:00:00.000045518,-0.00328377667456603,0.0020608348916348884,-0.014244496444555499,0.0009175683407993684
1970-01-01 00:00:00.000045519,0.0062774888080099345,0.00014881306697756003,0.018483521548743997,-0.003236012614440731
1970-01-01 00:00:00.000045520,0.02006890508054826,0.0017557329143382816,-0.0203204199855177,-0.002464598310088051
1970-01-01 00:00:00.000045523,0.00038427208230196186,-0.0027983079445804693,0.029126437843581154,0.004186874450742506
1970-01-01 00:00:00.000045524,0.00792385504967319,0.008594238732163584,-0.0065985860172820265,0.00012723171302031488
1970-01-01 00:00:00.000045525,0.0006238581005728605,-0.0007738314996678097,-0.006981315379227748,0.0023775550550979574
1970-01-01 00:00:00.000045526,-0.009212677765317423,-0.003585437154351112,-0.000932835820895539,0.0005230905907149808
1970-01-01 00:00:00.000045527,0.010783688855946716,0.007380599228715479,-0.027578511079228485,0.002440955949658763
1970-01-01 00:00:00.000045530,0.0026690728514453532,0.0003033087152668479,-0.012014051522248215,0.0049657832907545885
1970-01-01 00:00:00.000045531,0.0041017629587916105,0.0009273133524292376,0.026098087088439526,0.00015994391753704207
1970-01-01 00:00:00.000045532,-0.0038566954860488334,0.0008999841179273549,-0.0021484014045463073,-0.001281047975501881
1970-01-01 00:00:00.000045533,0.002785581085508415,0.0011224993535345895,0.00627387429100601,3.9179145792322956e-05
1970-01-01 00:00:00.000045537,-0.013659932446505096,-0.005562176028929278,0.0893341922422124,0.003556645715161677
1970-01-01 00:00:00.000045538,0.0008699761995956123,0.0027627000079692987,-0.012587383049272427,0.0029601566982033756
1970-01-01 00:00:00.000045539,0.0027041584600167035,0.0003591034188410447,-0.003807242316001158,0.0019072536562745324
1970-01-01 00:00:00.000045540,0.006488944314297029,-0.001947878078132903,-0.012388620504562575,-0.0076364502414577595
1970-01-01 00:00:00.000045541,-0.007441461388420723,0.0009139285661639018,-0.016739858254706697,0.001404236197634745
1970-01-01 00:00:00.000045544,0.006766134310989491,0.002521317800916023,-0.013022906164323,0.0010198306061364182
1970-01-01 00:00:00.000045545,0.0032224392668249724,-0.000702195609955214,-0.011178565828087517,0.0002597918608737704
1970-01-01 00:00:00.000045546,-0.003934871886374092,-0.0013054139397040698,-0.022292705029451798,0.0029554258631168118
1970-01-01 00:00:00.000045547,0.01764761995611952,-0.0017428270303050386,0.012234683473908659,-0.000702405272609341
1970-01-01 00:00:00.000045548,0.0062708048898467705,-0.0009555098116702521,0.018542258034978554,0.0006182123669571382
1970-01-01 00:00:00.000045551,0.005063033702951358,0.003002107674414445,-0.01519305973839169,0.0015674273033647879
1970-01-01 00:00:00.000045552,-0.0025074439742985843,0.0029901789104096466,0.022045734629604352,5.577122306310578e-05
1970-01-01 00:00:00.000045553,-0.005684302734870306,-0.0003169060578941396,0.00562700964630225,0.0010173455730257963
1970-01-01 00:00:00.000045554,0.011235999139698194,-0.0012738965678172898,0.01574296118660623,-0.00141642102988504
1970-01-01 00:00:00.000045555,0.01472751712508158,0.0019779399446882007,-0.006405071592523792,0.003944216304676784
1970-01-01 00:00:00.000045558,0.002438020608121816,0.000771428403817831,0.0011880665317258732,0.005120976976653369
1970-01-01 00:00:00.000045559,0.01098012509284163,-0.00015240819604367406,0.018634905287214787,0.0012733026958833271
1970-01-01 00:00:00.000045560,0.0011719698559888858,-0.00021399027370239132,-0.012792854985546054,0.006371803431202805
1970-01-01 00:00:00.000045561,0.006137331660169609,0.0009792883447095058,-0.012783811542579904,0.0006301532486145955
1970-01-01 00:00:00.000045562,-0.005797198168431383,0.0006356217669698516,-0.0031653975562245806,-0.0019690272839054668
1970-01-01 00:00:00.000045565,-0.007296115291224647,-2.9272719289208382e-05,-0.009659582972486813,0.0020561572335944245
1970-01-01 00:00:00.000045566,0.008928429734844867,0.0013231656445309437,-0.034396161262836844,0.003038862212770166
1970-01-01 00:00:00.000045567,0.0012918509440633663,-0.0006957904676706539,-0.03457644436188001,-0.0006460173033250305
1970-01-01 00:00:00.000045568,-0.001654222433496444,-0.00223510103300284,-0.025399879735417907,-0.0033448862854689176
1970-01-01 00:00:00.000045569,-0.0003088847993104604,0.004236853293457132,0.02460574051679454,-0.003974780929699606
1970-01-01 00:00:00.000045572,-0.0035041712332212205,-0.00043795620437958593,-0.015752962713170837,-0.0030355601343126093
1970-01-01 00:00:00.000045573,-0.008015380410373085,0.00016649627574105708,0.005897900249620669,-0.0032256821915880307
1970-01-01 00:00:00.000045574,-0.005347302966181577,-0.0009345603331706309,0.011532004963141329,-0.00379227665977222
1970-01-01 00:00:00.000045575,0.009697631969542098,-0.001660396331927383,-0.02205546335714459,0.002853769607016332
1970-01-01 00:00:00.000045576,0.009516945726318449,0.0027026314787756966,-0.013059517953762922,0.005423887304235597
1970-01-01 00:00:00.000045579,-0.0032888773262073068,0.00037086572324662725,-0.017867377706895282,0.005185533365561712
1970-01-01 00:00:00.000045580,0.0032154638221784104,-0.0025600681906420286,0.020831218918095917,-0.0019503525445279113
1970-01-01 00:00:00.000045581,0.0031116014282022153,-0.0002868080025285602,0.012402753958193458,-0.004223461637862802
1970-01-01 00:00:00.000045582,0.008142064040465247,-0.0010216807086775859,-0.002970637336737747,0.001942358827351276
1970-01-01 00:00:00.000045583,0.012109057145268887,-0.0040879719849374885,-0.029203910270616307,0.0016561603818359139
1970-01-01 00:00:00.000045586,-0.00037763367798526737,0.003148447844637303,-0.01965757767913756,0.000729107402358764
1970-01-01 00:00:00.000045587,0.009538852561103317,0.00421506511791625,0.022690815006468412,0.00013671223741251737
1970-01-01 00:00:00.000045588,-0.008661301492695173,0.0004965576868589672,-0.013079667063020217,-0.0004700924515155247
1970-01-01 00:00:00.000045589,0.005083925112976173,-0.0010101393466791508,0.015329402717251916,-0.00069212808539032
1970-01-01 00:00:00.000045590,0.005565158537677695,0.0018878897425631536,0.0013128660876591258,-0.0014903577359245412
1970-01-01 00:00:00.000045593,-0.001800794751630197,-1.4584615564028347e-05,0.0033535047907211624,0.0027244221884963338
1970-01-01 00:00:00.000045595,0.014943680658525471,-0.002269399280092954,0.00829291583946934,0.001033467684132372
1970-01-01 00:00:00.000045596,-0.013480264844069834,0.0014501058343370232,-0.026543379109239096,0.00016152075958042467
1970-01-01 00:00:00.000045597,-0.003051256353070242,0.0014012961989842143,0.05596804751907425,-0.00237746799658356
1970-01-01 00:00:00.000045600,0.0006890726195123431,0.0009241443647600711,-0.03127727669479197,0.002690204285301645
1970-01-01 00:00:00.000045601,0.0016809603445571142,-0.0006378572656020598,-0.0032036842368724505,-0.0023351303129208745
1970-01-01 00:00:00.000045602,-0.032273793077476465,-0.003660548266194108,0.025234771254958988,-0.0016032164425611173
1970-01-01 00:00:00.000045603,0.020712321434910974,0.0009214244344208922,0.006612622762117049,0.0013217279713397811
1970-01-01 00:00:00.000045604,-0.008121693298641541,0.0045152070419693935,0.03386778910488797,0.003197329995828113
1970-01-01 00:00:00.000045607,-0.02338988251279983,-0.0016088583215506658,0.0070835196385286014,0.00850181147969109
1970-01-01 00:00:00.000045608,-0.008291431956813922,0.0008625487733449066,-0.007851567976819185,0.005528825932700876
1970-01-01 00:00:00.000045609,-0.011293076197889662,0.0001048141732054031,0.008102124452399995,-0.0011006694235345948
1970-01-01 00:00:00.000045610,0.001035552805974893,-0.0009286726967315806,0.012102238213167693,-0.00021840586707133625
1970-01-01 00:00:00.000045611,-0.0019243959661903176,0.002922647458200256,-0.008795013850415478,0.002670718186670973
1970-01-01 00:00:00.000045614,0.023557365130348895,0.0028937925824772393,0.00023288851626723783,0.003970834677967661
1970-01-01 00:00:00.000045615,0.006411432809416917,-0.0063184242469892515,-0.017718689608605565,-0.0024931674485009214
1970-01-01 00:00:00.000045616,0.0061615538200265885,0.004125364431486922,-0.029439651085616747,-0.0013085857949740598
1970-01-01 00:00:00.000045617,0.007630125257822806,0.0004355211009974269,0.03939334733551503,-0.0006813562264657014
1970-01-01 00:00:00.000045618,0.018965962906296596,0.0025220205186249345,0.020630183979886807,0.0053168909627605565
1970-01-01 00:00:00.000045621,-0.037844853223156005,5.210836223423776e-05,0.010152634850473019,0.011143264723863844
1970-01-01 00:00:00.000045622,0.009274298610731035,0.001832381922814097,-0.0024157892337846043,0.00833266151787293
1970-01-01 00:00:00.000045623,0.0016212606819387965,0.0003496250921017907,0.002170337201864214,-0.000693980280726092
1970-01-01 00:00:00.000045624,0.0014899354452102553,-0.00017619567540727576,-0.0025531720883580356,0.0010384930489770738
1970-01-01 00:00:00.000045625,0.006490071448581158,0.002218723367374942,-9.141812364299451e-05,0.004602033590529464
1970-01-01 00:00:00.000045628,-0.00281472153746698,0.00029113927699464526,0.0006628419921830275,0.0020541885716467423
1970-01-01 00:00:00.000045629,0.00034279833871520005,0.00016425850253876106,0.01936957514846971,-0.00032393138371100694
1970-01-01 00:00:00.000045630,0.0024895155569324423,-0.002509572969219498,0.0037644528098952357,0.0014057459269107841
1970-01-01 00:00:00.000045631,-0.005428407076148667,0.001669555170421777,-0.0006250558085543201,0.0020334875103895644
1970-01-01 00:00:00.000045632,-0.0007896168609180521,0.001724446187474582,0.011704789135096538,-0.007522248569791334
1970-01-01 00:00:00.000045635,0.012709452062290794,0.0019661692229746563,0.019341164002472766,0.0029044266588407197
1970-01-01 00:00:00.000045636,0.014131740064050158,0.0006493152023074877,-0.018194420377750875,0.0011132404042653032
1970-01-01 00:00:00.000045637,0.009129810301690577,0.0007321590077091766,-0.0036180727144370373,-0.0012009626764311054
1970-01-01 00:00:00.000045638,-0.012002386178529778,0.00046192689504787054,-0.008236648658223378,-0.0050990951730368606
1970-01-01 00:00:00.000045639,-0.011771446135584451,0.0015400013191817497,0.006429719592784489,-0.001350847996828275
1970-01-01 00:00:00.000045642,0.0011863631386357376,0.0007731117461444725,-0.01606033717834965,0.0016648310836768765
1970-01-01 00:00:00.000045643,-0.0001543262685451685,0.0006809572313080103,0.002795563170709725,0.001262529405748225
1970-01-01 00:00:00.000045644,-0.021280179636659735,0.0016411910357800874,-0.01097122302158271,0.00046127964400066723
1970-01-01 00:00:00.000045645,0.0050627087463117615,0.0010133592144327963,-0.021367521367521403,0.00806787416222221
1970-01-01 00:00:00.000045646,0.01254645524520015,0.0026035502958579038,-0.005481743008454942,-0.002636643328311039
1970-01-01 00:00:00.000045649,-0.001397064917196822,0.0001535888596881918,-0.011771300448430444,0.0007378633381889266
1970-01-01 00:00:00.000045650,-0.0036323227129978486,-0.002181195647846468,0.0042541123085648724,0.0008292860053626949
1970-01-01 00:00:00.000045651,0.0026125361102871114,0.002935518346989685,0.03181775393015163,-0.0033397445443973384
1970-01-01 00:00:00.000045652,0.007324474666753122,-0.0016737471760844835,-0.0010035580695192392,0.012303720683285668
1970-01-01 00:00:00.000045653,-0.010746743809709969,-0.0017477143084857483,0.006666666666666599,0.0066157049580886085
1970-01-01 00:00:00.000045656,0.003464144142556691,0.006903296816100246,-0.01723668692733371,0.003731488804753491
1970-01-01 00:00:00.000045657,0.007659852692802449,0.0006428354992453755,-0.0040616634357980574,0.0015060077118784765
1970-01-01 00:00:00.000045659,0.014205832750165515,0.00035658695344564784,0.06719807211048301,0.0013144173112018542
1970-01-01 00:00:00.000045660,-0.008058914308563203,-0.00028290463850444425,0.01571999305193672,0.007913346837373325
1970-01-01 00:00:00.000045663,-0.0024499425825939003,-0.0012706012858824112,8.550662676354293e-05,0.007509860151150516
1970-01-01 00:00:00.000045664,0.005488338199722165,0.0007338628101563049,-0.012568399452804413,0.0011385332456286257
1970-01-01 00:00:00.000045665,0.005351431836834397,-0.0011467045692638012,-0.0032037405836002897,0.001001562559548752
1970-01-01 00:00:00.000045666,0.0035762720543659476,0.0014456560869207102,0.007470465601111975,0.0006335359836255883
1970-01-01 00:00:00.000045667,0.008511646893064606,0.001587926100580006,-0.014916364890498413,0.002383387515067392
1970-01-01 00:00:00.000045670,-0.006376535134104633,0.0024219165074663707,-0.01269146608315097,0.00793484499266639
1970-01-01 00:00:00.000045671,0.0027401076398116953,5.6384247368868046e-06,-0.002216312056737557,1.0544709568627297e-05
1970-01-01 00:00:00.000045672,0.007045645007734969,-0.0006709687604838921,0.002221235006663713,-0.00017323268765234712
1970-01-01 00:00:00.000045673,0.009418365275507767,-0.0005247226163910268,0.005762411347517649,0.00030885959995896606
1970-01-01 00:00:00.000045674,-0.007204369933470511,5.6451408039226436e-05,0.01066549140590567,0.0021718928151317485
1970-01-01 00:00:00.000045677,0.006552539616326625,0.0035449483075411514,0.005668934240362855,0.006213000410292491
1970-01-01 00:00:00.000045678,0.014192416477728953,-0.003214620193889739,-0.0034689098950654307,0.004410668650197902
1970-01-01 00:00:00.000045679,0.004349573692170372,0.005530161954742985,0.012531546427638984,0.007289587875074721
1970-01-01 00:00:00.000045680,0.0006604706122239623,-0.0005022728548178534,-0.005414697034808791,0.003187336868585522
1970-01-01 00:00:00.000045681,0.005794446342914261,0.0007102731323045397,-0.003283788454891079,0.0010551457116494412
1970-01-01 00:00:00.000045684,-0.008466842186228396,0.0026118377125801118,-0.009537020981446154,0.010537395405178174
1970-01-01 00:00:00.000045685,0.007733263025173631,-0.001295521636330621,0.016018907563025264,0.004167806206467173
1970-01-01 00:00:00.000045686,0.00061551287649797,0.0029698365469206234,-0.0021538726630481175,-0.007130470810993272
1970-01-01 00:00:00.000045687,0.014377465256713906,-0.0008519981451582392,-0.0034536349507856556,0.0016575351460190735
1970-01-01 00:00:00.000045688,-0.0014845548599785596,-0.0019570730016187365,-0.010570091838502882,0.0009963714018101921
1970-01-01 00:00:00.000045691,0.011178673631812464,0.006804359944758476,-0.02478108581436078,0.004616000291046696
1970-01-01 00:00:00.000045692,0.009756806400863072,-0.0002921487120415289,0.0013468618119780729,-0.0038835542125916778
1970-01-01 00:00:00.000045693,0.00816412216062945,-0.001430555439589698,-0.006994261119081746,-0.004955894285888718
1970-01-01 00:00:00.000045694,-0.002033706597007412,-0.0004515213761926429,0.009842875203178725,-0.0011223836623027728
1970-01-01 00:00:00.000045695,0.0008639472136418025,0.0034520738933427886,0.010104623088616593,-0.0016137763537141803
1970-01-01 00:00:00.000045698,0.02149332340717125,0.00019451846952867058,-0.014783994334277573,0.0027960673342253273
1970-01-01 00:00:00.000045699,-0.0066961261908775604,0.0007973706217545562,0.004942043310270483,-0.0014131332247055983
1970-01-01 00:00:00.000045700,0.003340409395191646,0.0019876741991007307,-0.010729613733905574,-0.0019097710030907544
1970-01-01 00:00:00.000045701,0.012529496312348787,0.0007674490768445619,0.011388286334056419,-0.005716816001806513
1970-01-01 00:00:00.000045702,-0.015764542500279255,0.0025386683203540983,-0.004557640750670222,0.0008494021742335711
1970-01-01 00:00:00.000045705,0.006174352419635598,-4.4183028194422214e-05,-0.006643325253613441,0.005728598791807871
1970-01-01 00:00:00.000045706,0.013477844444655052,0.0012012791551831992,0.010754631721644925,0.000755946486020953
1970-01-01 00:00:00.000045707,0.0008431183639472373,0.00028409952861552235,-0.018240343347639465,0.0006045931512623781
1970-01-01 00:00:00.000045708,0.0042867397317833955,-0.00041361966844244424,0.0005464480874317612,0.002652457802805097
1970-01-01 00:00:00.000045709,-0.0007647225803227853,0.003641359220087015,-0.022119060622610598,0.0005997110880890943
1970-01-01 00:00:00.000045712,0.005993942088412307,0.0011406676891445588,-0.0030717676626640378,0.0016347279803889947
1970-01-01 00:00:00.000045713,-0.010959163847823916,-0.00014001872407243265,-0.009897292250233392,0.0007017421257835554
1970-01-01 00:00:00.000045714,-0.00017271424676279512,0.0007798213001051213,0.015371557902678301,0.0038728787914057428
1970-01-01 00:00:00.000045715,-0.012321242027027557,-0.0010480972370841002,0.013745704467353903,0.0021376625710500807
1970-01-01 00:00:00.000045716,-0.006341940379249844,-0.0004202280767285904,-0.012918002748511181,0.0037687224956288734
1970-01-01 00:00:00.000045719,0.00940029103584572,0.001321664582961235,0.07861518470391693,0.00018585566362716577
1970-01-01 00:00:00.000045720,0.008658321592694529,-3.292939936783146e-05,-0.0031838912313914003,0.004788135104924152
1970-01-01 00:00:00.000045721,0.0010127041423753091,-0.0004473057375877776,0.033062845303867494,-0.0022923416578261024
1970-01-01 00:00:00.000045722,-0.0016960683009393795,-0.001062483355800281,0.02431687139633998,0.0004526245759337577
1970-01-01 00:00:00.000045723,-0.0014732623232407427,0.0027675935952333752,0.0005710556371349984,0.0011375126390293921
1970-01-01 00:00:00.000045726,-0.005742855509579536,0.0013950518142524793,-0.011577660008153301,0.0030815668361432458
1970-01-01 00:00:00.000045727,0.012233146253764815,0.0006869748474149784,0.0002474634991338487,0.0002889032545951853
1970-01-01 00:00:00.000045728,0.007018448368017793,-0.0034106356035349394,0.018390235856836634,-0.00013154169728823994
1970-01-01 00:00:00.000045729,0.01879995024861225,-0.000664152766113757,0.005425540529597539,0.0006291952307000415
1970-01-01 00:00:00.000045730,-0.004699355655651272,0.002749003108762693,0.005718427835051498,0.00044873425500124853
1970-01-01 00:00:00.000045733,0.008517434654454759,-0.0013200669345143634,0.0019219988788339304,0.0012241807845041475
1970-01-01 00:00:00.000045734,0.012898346255627136,0.0059618649064447915,-0.009111981456318419,1.1413619587008483e-05
1970-01-01 00:00:00.000045735,0.040595136569997914,0.026374974442854304,-0.09994353472614337,-0.0017248635731355044
1970-01-01 00:00:00.000045736,-0.0016677986587303462,-0.00504648074369185,-0.00474995518910204,-0.01790583608206764
1970-01-01 00:00:00.000045737,-0.010855979188517662,-0.0021356113187399606,-0.09284106258442149,-0.015850125220645883
1970-01-01 00:00:00.000045740,0.00010598209120060709,0.015152487961476613,0.04377605717689104,-0.009488462874928882
1970-01-01 00:00:00.000045741,0.0036644180012428418,-2.6352961017828136e-06,0.04431764146457451,-0.024879157100248017
1970-01-01 00:00:00.000045742,0.0003007789117974724,0.0012280512197500038,-0.00546398324378472,0.01574833285365229
1970-01-01 00:00:00.000045743,0.011301123129628499,-0.00212408107830675,-0.01254463876934342,-0.0001386588374662212
1970-01-01 00:00:00.000045744,0.008356237338121852,-0.0009574754300725186,0.010014836795252169,-0.0029559531328430255
1970-01-01 00:00:00.000045749,0.024535847386057963,0.0011062443400684518,-0.015332354021300065,-0.0038687965457497864
1970-01-01 00:00:00.000045750,-0.013445394260158783,0.0005406431807752909,-0.011934731934731935,0.005439475964770901
1970-01-01 00:00:00.000045751,-0.025970636318138562,0.001381189984791087,-0.014626781164480462,0.004930027125715775
1970-01-01 00:00:00.000045754,-0.017706563090380545,-0.0010055092430515389,-0.0005746025665581689,0.00786947398146709
1970-01-01 00:00:00.000045755,-0.001577752834274193,-0.00020025031289117035,0.01073208125718672,-0.006799050934757855
1970-01-01 00:00:00.000045756,0.03582340056090616,0.0006772978713871503,-0.023321956769055796,-0.0004816825576892114
1970-01-01 00:00:00.000045757,0.03404364966478868,-0.0019515098523592567,0.007571345369831173,-0.0001741498559511001
1970-01-01 00:00:00.000045758,0.016535199274660295,-0.0009525945667806512,0.001348747591522148,0.00030931999153116507
1970-01-01 00:00:00.000045761,-0.007739790749463071,0.004360756885822825,0.006638445256879066,-0.0019304005055668094
1970-01-01 00:00:00.000045762,0.013933586418385158,0.0013938015279220117,-0.006976966453216105,-0.006014465398400004
1970-01-01 00:00:00.000045763,0.03145717299726303,0.0013288338563757218,-0.013378248315688124,-0.0019473504232121464
1970-01-01 00:00:00.000045764,-0.011286542779218145,-0.013653613644172058,0.004584918544532135,-0.0021891690708614187
1970-01-01 00:00:00.000045768,0.03945705944517508,0.014932794448063502,-0.00941930471936303,0.01276575701911531
1970-01-01 00:00:00.000045769,-0.023890259851699125,0.002444321602510957,0.004215273012449838,0.007754636054181807
1970-01-01 00:00:00.000045771,0.006947327577844442,0.0021691747204901635,0.017180788754392884,-0.004187644587621886
1970-01-01 00:00:00.000045772,-0.012643030955761692,0.0020106189890052306,-0.006429942418426093,0.00187614456030194
1970-01-01 00:00:00.000045775,0.006733579673497081,0.0002706676903458938,-0.012073795035255519,0.0006460950789339837
1970-01-01 00:00:00.000045776,-0.005406849952645176,0.0009730992691348028,-0.009972624168947952,-0.0012227618611628799
1970-01-01 00:00:00.000045777,-0.012066140143301873,0.0005068713560498761,-0.02340509579300809,-0.002194707917222094
1970-01-01 00:00:00.000045779,-0.009285887418817196,0.0020524385047855365,0.06471837395085456,0.0021980389721736326
1970-01-01 00:00:00.000045782,0.030415769628034717,5.703944536916694e-05,-0.007788014056415604,0.011905188476422524
1970-01-01 00:00:00.000045783,0.014095219968039086,0.0013196100798507082,-0.0006700488178424946,0.0006550933508024936
1970-01-01 00:00:00.000045784,-0.0005325824460730155,0.0007301367841356932,-0.004789272030651381,-0.00046003450258769174
1970-01-01 00:00:00.000045785,-0.01560206616740245,-0.0007580638067221646,0.021944177093359052,0.0002212722267951328
1970-01-01 00:00:00.000045786,0.003454131085582013,0.0036067713053249406,0.013090977585232588,-0.0016606493935531486
1970-01-01 00:00:00.000045789,-0.02570993207677541,0.0002915293941605501,0.04676024914009491,0.004189552119741924
1970-01-01 00:00:00.000045790,0.004800160063114012,0.0004900393063107522,-0.007282415630550654,0.002081623165891555
1970-01-01 00:00:00.000045791,-0.021422241455451685,-0.0005104224132154167,0.0004473072105921627,0.0013814405444725342
1970-01-01 00:00:00.000045792,0.01788653102031934,-0.0016893808870410698,-0.024322632567289615,-0.0005468294156107945
1970-01-01 00:00:00.000045793,-0.00979789158042399,0.0038391881383037507,0.01328934103198609,0.0011147928612185165
1970-01-01 00:00:00.000045797,0.02697132240358502,-0.000710338774974395,-0.017456584659913177,0.00770694841472741
1970-01-01 00:00:00.000045798,0.008740132863449324,0.0005897942416508428,-0.013808340237503436,0.005064259241218894
1970-01-01 00:00:00.000045799,-0.0006548229337078881,0.0019510939510940517,0.004480537664519835,0.007178362488499124
1970-01-01 00:00:00.000045800,0.013074147979313722,-0.00042645237862815044,-0.014032153145618453,0.003088166433498074
1970-01-01 00:00:00.000045803,-0.0007327969018604552,0.0012670525222826523,0.0013195098963241225,0.002560298758799151
1970-01-01 00:00:00.000045804,-0.009303046341195942,6.93045163442374e-05,-0.013742469879518104,0.0016482323636279883
1970-01-01 00:00:00.000045805,-0.013826675759797014,0.002150857776454629,-0.005249093338423383,0.0015528348861681973
1970-01-01 00:00:00.000045806,0.025190205807087862,0.0015443718786014582,-0.004221433368511995,0.0014037845233467738
1970-01-01 00:00:00.000045807,-0.013145718031500886,0.0026722720449658954,-0.017053666056460193,0.001057760249540296
1970-01-01 00:00:00.000045810,0.029241716780473492,-0.0005840376640533496,0.006175259752989604,0.0012952392855165584
1970-01-01 00:00:00.000045811,-0.008996084410263117,-0.0009288818457188208,0.022406234778373113,-0.003058030237054199
1970-01-01 00:00:00.000045812,0.009061195882061224,0.0005517170917357372,0.019914244878513676,0.0026462817607164624
1970-01-01 00:00:00.000045813,-0.004931769571415279,0.0026932434053827947,0.002148729446935782,0.001809195823098797
1970-01-01 00:00:00.000045818,-0.0130608974736387,-0.002293928345927454,0.016034305956931005,0.004647256121743659
1970-01-01 00:00:00.000045819,0.011893401789236258,-0.0004031897926634054,0.001835030736764942,0.0026604106365670788
1970-01-01 00:00:00.000045820,0.010922590812695088,0.0046283413791079475,-0.020423115669933156,0.0042253956826439065
1970-01-01 00:00:00.000045821,0.014663787498947478,0.001557695728406916,-0.027486910994764413,-0.00010361518998669439
1970-01-01 00:00:00.000045824,-0.01067831730060731,-0.00165929624527128,0.008652182272639974,-0.004341086139752259
1970-01-01 00:00:00.000045825,0.00012455554468537855,0.0038603366294864827,-0.0006671749904689772,0.0006300922494433259
1970-01-01 00:00:00.000045826,-0.0038177561092579415,0.0006632777057680173,-0.017453505007153036,0.0007379243943748115
1970-01-01 00:00:00.000045827,0.0023601683628748926,0.002360411870367063,-0.013007183071248263,0.0017753307677181862
1970-01-01 00:00:00.000045828,-0.00024758436541949536,0.001443704363672138,0.009244689221085789,0.004260813971095567
1970-01-01 00:00:00.000045831,-0.0052596776742532825,-0.001567639090164552,-0.005262132137984765,0.002882938726732398
1970-01-01 00:00:00.000045832,-0.008103675761249263,-0.001534760559682713,0.039576802507836906,0.0002644957597153219
1970-01-01 00:00:00.000045833,0.007157905364395312,0.0051169904814876155,-0.004711647191858237,0.006312818528734665
1970-01-01 00:00:00.000045834,-0.0034703704562494275,0.00048041975103707557,-0.01874644953607274,0.0020910722830580486
1970-01-01 00:00:00.000045835,-0.012859491825148117,0.003353781174577408,0.012543419529139399,0.002030124788499954
1970-01-01 00:00:00.000045838,0.0097796641081207,-0.0024004369897817623,0.06003430531732423,0.004499646721951578
1970-01-01 00:00:00.000045839,0.008511201176482519,0.0006429963630516511,0.07434376123696507,0.010664670297426238
1970-01-01 00:00:00.000045840,0.004734623986548225,-0.001613988232695318,0.012049200903690105,0.013470320254184598
1970-01-01 00:00:00.000045841,-0.007486506580041907,0.0012042770692068938,-8.267879288959001e-05,0.0017870744319847809
1970-01-01 00:00:00.000045842,0.0023792040498045175,0.0006177365730184459,0.0037208533156938284,0.002016393048321241
1970-01-01 00:00:00.000045845,0.00404239095859138,0.002868443110466412,-0.01622868440563474,0.0004387397899650036
1970-01-01 00:00:00.000045846,-0.009113096745352545,0.0020844959048289535,-0.01415173337799358,-0.0036230145400450997
1970-01-01 00:00:00.000045847,0.004296357699578257,-0.00025221625671123515,0.01681814320903774,-0.00040134530947733005
1970-01-01 00:00:00.000045848,0.004565439368821034,0.0010990410866518197,0.013950380085205882,0.0004965296458980806
1970-01-01 00:00:00.000045849,0.01044721967124329,0.0025599504976434595,-0.0008238589553468678,0.0011236601356150455
1970-01-01 00:00:00.000045852,-0.0021938492888035066,-0.00019909659918126987,-0.01475923482849606,0.002478630993977937
1970-01-01 00:00:00.000045854,0.0009707164881511687,0.002023722105368053,-0.013473930872876405,-0.0006904346806140271
1970-01-01 00:00:00.000045855,0.0007474195323329269,0.0008272305414509518,0.021547336274177153,-0.0023915148572694056
1970-01-01 00:00:00.000045856,0.004212371641143076,0.0026409783534095954,-0.00431821956485634,-0.0015201733826597508
1970-01-01 00:00:00.000045859,0.01371130147884081,-0.0002475584547401155,0.024520433694745547,0.003964895742390118
1970-01-01 00:00:00.000045860,0.010004143178080627,0.00022285777959374364,-0.003419081732334739,0.006311310877408216
1970-01-01 00:00:00.000045861,-0.010606320032870986,0.0013244705212471786,-0.0024505799705930587,0.0033651558588039254
1970-01-01 00:00:00.000045862,-0.0036668619513912093,0.005372462729003269,0.00507697346871927,0.0019483881876158904
1970-01-01 00:00:00.000045863,-0.009366961240945382,-0.0025058835391240653,-0.005621639237412435,0.0012814580144520082
1970-01-01 00:00:00.000045866,-0.006592467701205473,-0.00026379109717378224,-0.010651372388365443,0.0022159811345350278
1970-01-01 00:00:00.000045867,0.0046165287784138975,0.0007299324072727043,-0.006459627329192585,-0.0007252031751286969
1970-01-01 00:00:00.000045868,-0.012276583722128587,0.0001724932419611136,0.011836292406435023,-0.001590820048013919
1970-01-01 00:00:00.000045869,0.002393237948836946,0.0011062301205029268,0.006590328692643643,-0.0023663293846225564
1970-01-01 00:00:00.000045870,0.02206355009428229,-0.000398688756977128,-0.001473115639577749,0.004181587551329358
1970-01-01 00:00:00.000045873,0.0054517669149491965,0.0009700371765517524,0.010736824850422044,0.002686733922644624
1970-01-01 00:00:00.000045874,0.0011555484543919192,0.0003369703170963412,-0.00478430100551408,0.00459348810137139
1970-01-01 00:00:00.000045875,-0.00424410126436936,-0.0007819012001445413,0.0072516907031696665,0.0010596054144271783
1970-01-01 00:00:00.000045876,0.011052410299903892,-0.0007529842537704612,0.0007280375343794443,0.0008433978374080553
1970-01-01 00:00:00.000045877,-0.0021036451057078187,0.0011106268023060029,0.001131678926521662,-0.000349057414734788
1970-01-01 00:00:00.000045880,-0.014086490896600967,-0.002607446473551711,0.0057327412192167415,0.0027230773640609662
1970-01-01 00:00:00.000045881,0.0016753679601908544,0.0044319157122141295,-0.009312780989081615,0.00228039355304821
1970-01-01 00:00:00.000045882,0.004708519923947385,0.0011835045977435232,0.0020259319286872746,-0.0014325366009860785
1970-01-01 00:00:00.000045883,-0.006837378515832326,0.0013684956602990628,-0.01568944601698341,-0.0008269999247001447
1970-01-01 00:00:00.000045884,0.0007359153160806375,-0.0007469906075115995,0.002957850628543257,-3.638173273201595e-05
1970-01-01 00:00:00.000045887,-0.0010329006345939362,0.0019975490196080248,0.00458753174408133,0.002584496400026559
1970-01-01 00:00:00.000045888,-0.00461757093431292,0.0002910852096913441,-0.0012231917149148064,0.0010873819626791015
1970-01-01 00:00:00.000045889,0.01063156786082975,0.000838766157864157,0.01608425865447427,0.002318695730415099
1970-01-01 00:00:00.000045890,-0.0004268466567008966,0.0001539299789627968,0.015427882683808791,-0.00014078903860459402
1970-01-01 00:00:00.000045891,0.008761361695323044,4.1530268236611434e-05,0.003560971749624109,0.0029699043662374525
1970-01-01 00:00:00.000045894,-0.003876981385625644,0.0013313562489465358,0.007096672449140584,0.0023776465163485305
1970-01-01 00:00:00.000045895,0.011482716700731865,0.0010880649521103347,0.00039148136548705637,0.002150996345618994
1970-01-01 00:00:00.000045896,0.0015766546940731985,7.554563443723517e-05,-0.013383423338811928,0.0031016081177763777
1970-01-01 00:00:00.000045897,0.007973056766834352,2.1930946759063374e-05,-0.0027764556560367915,0.00023391454066468143
1970-01-01 00:00:00.000045898,0.009656328390428737,0.0015521896351744502,-0.012489062127117978,0.0015450084342891746
1970-01-01 00:00:00.000045901,0.009206822779020962,0.0003114165805000457,0.054776864830030636,0.0034169974570290584
1970-01-01 00:00:00.000045902,0.015048444873819955,0.000552105907046796,-0.04261493813960593,0.000358592942331315
1970-01-01 00:00:00.000045903,0.008306551583618926,0.00045942923817410275,-0.014199106573069553,-0.0019359619875197742
1970-01-01 00:00:00.000045904,0.0001271452578321952,1.700808369919926e-05,0.0018611425797054881,-0.01278965212451888
1970-01-01 00:00:00.000045905,0.0089037057600303,0.0019558963593602208,-0.007592278491236559,-0.001857767273365285
1970-01-01 00:00:00.000045908,0.014736527225751361,0.00033221705170705107,-0.02832261740050457,0.0026380279287150366
1970-01-01 00:00:00.000045909,-0.0006563357022367766,0.00021332402464846467,0.007789597118686764,0.000514357536498089
1970-01-01 00:00:00.000045910,0.0035099474441380174,0.00027386901790094065,0.0146276595744681,0.00022032561807128204
1970-01-01 00:00:00.000045911,-0.001945217627681961,0.0012575141924648925,-0.02006880733944949,0.0005384550976110791
1970-01-01 00:00:00.000045912,0.003561031835537465,0.00030732894845098,-0.0018390035944161331,0.0012926267488764243
1970-01-01 00:00:00.000045915,0.00801397151211658,-0.0005418939678007995,0.06347877062222596,0.0016535577851584105
1970-01-01 00:00:00.000045916,0.00473841950583509,-0.001885554810585388,0.009764548389636918,0.006625134948132327
1970-01-01 00:00:00.000045917,-0.0070611691532201926,0.0008075428870750745,-0.0025735007408562716,0.006088012201529436
1970-01-01 00:00:00.000045918,-0.005495617338551528,0.0004967348768460944,-0.016262705238467512,0.0032144477766313795
1970-01-01 00:00:00.000045919,0.011593468366216442,0.0021627512714943453,0.026625337784136116,-0.0015565893510083306
1970-01-01 00:00:00.000045922,0.017348386744055366,-0.0003335000833750712,0.01780599210342948,0.0013831206136853957
1970-01-01 00:00:00.000045923,0.005283279467196422,0.000998416554858439,-0.013463147486118543,0.007785577536694177
1970-01-01 00:00:00.000045924,-0.004375870915597879,0.0010577972700136495,0.0013107170393216183,-0.001983709009198753
1970-01-01 00:00:00.000045925,0.0024718198909177147,0.000834728568464671,-0.003080003080003113,-0.0002286679214086318
1970-01-01 00:00:00.000045926,0.004988806511528665,-0.0030179437486139715,-0.027496717386267133,0.0007904671422036547
1970-01-01 00:00:00.000045929,0.019020574634129872,0.005336073500967098,-0.006353744738305189,-0.003425582116653114
1970-01-01 00:00:00.000045930,0.008023550005220148,0.00010822328628434796,-0.0012788745903604681,-6.552146899141409e-05
1970-01-01 00:00:00.000045931,0.000494431259826067,-0.0004328463010878636,0.020888355342136844,0.004159625797492739
1970-01-01 00:00:00.000045932,0.0006276986543369834,0.0009045593641139327,-0.01677641894010662,0.00497438767596714
1970-01-01 00:00:00.000045933,0.007220774388943418,0.0021247548359804025,-0.026789985648221992,0.0012024783791142468
1970-01-01 00:00:00.000045936,0.022171878809753798,-7.67511248837005e-05,-0.010650499754219278,-0.002905928968120808
1970-01-01 00:00:00.000045937,0.00660574183025453,0.00027104821300083515,0.007121563431599975,-0.001797420570146313
1970-01-01 00:00:00.000045938,0.0046063628150256886,-0.00014627841338288317,-0.009126788357178062,-0.0021201891629764047
1970-01-01 00:00:00.000045939,-0.003413996214348014,0.0018059632763482991,-0.011119409177661632,0.0014955735543418225
1970-01-01 00:00:00.000045940,0.007093106646151037,0.0018051016865969771,-8.391373667870905e-05,0.00016927029456792475
1970-01-01 00:00:00.000045943,0.02683924746992372,-0.0009200423458450846,-0.019973145350788868,0.0021387129611520894
1970-01-01 00:00:00.000045944,0.009154900894296158,0.00023680018369964806,-0.02491865045384478,0.0011096071715399614
1970-01-01 00:00:00.000045945,0.01181797725519318,0.0007269718513629453,0.014490208132080351,-0.0003498823520592387
1970-01-01 00:00:00.000045946,0.03889372795394053,-9.797432116942506e-05,-0.013590720221606678,-0.0010662646611391269
1970-01-01 00:00:00.000045947,-0.027024721991214862,0.001350266229483088,-0.019745502413339167,-0.0005956432947582524
1970-01-01 00:00:00.000045950,0.026614697504062423,-0.004536982011976165,0.030707251566696403,0.0025605389026619463
1970-01-01 00:00:00.000045951,-0.06009380536271691,0.006269479741069173,-0.0019108833492573751,0.0002760067690348311
1970-01-01 00:00:00.000045952,-0.0010613286930437615,7.624221197710668e-05,0.00992080758854752,0.0021200460467010185
1970-01-01 00:00:00.000045953,0.008953798457925766,0.00013579608669034293,0.0038776389487289453,0.0004908898811897267
1970-01-01 00:00:00.000045954,-0.004564197345113374,-0.0008170479557126908,0.03321888412017171,0.001818141062840395
1970-01-01 00:00:00.000045957,-0.026885233719434187,-0.001849993205566336,-0.012627731162249689,0.0023903699044598437
1970-01-01 00:00:00.000045958,-0.008606022974231742,0.0020612154722523535,0.0031131678586453493,0.0026252447603609674
1970-01-01 00:00:00.000045960,0.019892707521616426,0.00023358471497902933,-0.009142761281664136,0.00396527968455862
1970-01-01 00:00:00.000045961,-0.0076800891635329105,0.0022781105979803318,0.00922712266147463,-4.8045887518388675e-05
1970-01-01 00:00:00.000045964,-0.0012510047108492683,-5.7061069609787296e-05,0.057372924006039216,0.0009856040212643524
1970-01-01 00:00:00.000045965,-0.014910634041354398,-0.00032098683240688874,-0.017452006980802848,0.004609315864292807
1970-01-01 00:00:00.000045966,0.00985905946134924,0.0012058709504023657,0.006055223639592988,-0.0012594489298359823
1970-01-01 00:00:00.000045967,0.005568600604160645,0.00029932295997148195,0.00914854345558136,0.00023061768739518484
1970-01-01 00:00:00.000045968,0.0040827828081950734,0.0024841121317769055,-0.017654075546719716,-0.0001557536884190247
1970-01-01 00:00:00.000045971,0.030146755249427226,0.0005306522758823373,-0.01554278312960411,0.000343447451926604
1970-01-01 00:00:00.000045972,0.005768387506075667,-0.00013022498141324057,-0.024011183290847837,-0.0021642022554297924
1970-01-01 00:00:00.000045973,0.012295650133833824,-0.0030808139410976043,0.012048192771084265,-0.002308983531134956
1970-01-01 00:00:00.000045974,-0.0018642591773241346,0.002957314900591479,-0.00649350649350644,-0.0007587150618488803
1970-01-01 00:00:00.000045975,-0.023331636452931237,0.00056840385093615,-0.005362828892240712,-0.001495162600473554
1970-01-01 00:00:00.000045978,-0.009454815416233608,0.0016640037872062141,0.009604043807919016,0.002545459034404507
1970-01-01 00:00:00.000045979,0.008440841651352393,0.000564774161227799,0.002419893190921174,0.0010281579841699973
1970-01-01 00:00:00.000045980,0.007671517409123085,-0.0002834085546872256,0.020727545159410665,0.001214071419873175
1970-01-01 00:00:00.000045981,-0.003119644401692212,0.0008717283609380733,0.005464035230794417,0.0032114836956387283
1970-01-01 00:00:00.000045982,-0.004226270039378366,0.001739577875024212,-0.006732095060426602,0.004577695917547642
1970-01-01 00:00:00.000045985,0.018663444246427963,-0.0004241251829040227,-0.005797811530295571,0.0011154374099422437
1970-01-01 00:00:00.000045986,-0.0013244651089705517,0.0004738074078962651,-0.003778234086242338,0.0003665274024897691
1970-01-01 00:00:00.000045987,0.007376698152839811,0.0001437242003281547,0.011212795778712259,0.0006232334617941593
1970-01-01 00:00:00.000045988,0.0004930097444615367,-0.00014370354665071972,0.0,0.005106844729050097
1970-01-01 00:00:00.000045989,0.013509510504828404,0.0008081541100408707,-0.0026905829596413078,0.006967776605118159
1970-01-01 00:00:00.000045992,0.0006221883789363503,-0.0015067083836550754,0.018394375408763874,0.005614256919262095
1970-01-01 00:00:00.000045993,-0.0026342056351476018,-0.0016881735895145633,-0.002568836798587104,0.0073303372935242805
1970-01-01 00:00:00.000045994,-0.001988867348474699,0.00233106839453856,-0.010945674044265608,-0.00033341520397056623
1970-01-01 00:00:00.000045995,0.0016452217775326794,0.0011852082243555273,-0.01765806819106519,0.007977334447461848
1970-01-01 00:00:00.000045996,-0.0004699619057885185,0.0008048933751625409,0.008697813121272269,0.0019158464167077227
1970-01-01 00:00:00.000045999,-0.001958660436294224,0.0010699764605179851,0.015849552434918257,0.002399924781985474
1970-01-01 00:00:00.000046000,0.004360907680903692,0.0004040423022895201,0.004284559417946587,0.0025677041442040416
1970-01-01 00:00:00.000046001,0.0058761792444643746,0.00048371568788585506,-0.0033003300330033403,-0.0015249821071884329
1970-01-01 00:00:00.000046002,0.011397493293308969,-0.0001314319511073192,0.0012114359554191712,0.0009440282599426641
1970-01-01 00:00:00.000046003,0.006798959149784567,0.002190038026383956,0.005727192062595865,0.00019073384554535444
1970-01-01 00:00:00.000046006,0.0015473434926354113,-6.089663265040901e-05,0.014356753288418345,0.0028218546323690585
1970-01-01 00:00:00.000046007,0.0008568035189673306,6.090034127614885e-05,-0.012888432039218745,-0.0007933091374046075
1970-01-01 00:00:00.000046008,0.0075915580846477315,0.00012881979983747627,-0.005527074655559128,-0.0008534843996828023
1970-01-01 00:00:00.000046009,0.0007786646555356658,0.0007915542565946065,0.000402738622633958,0.003600316912024226
1970-01-01 00:00:00.000046010,0.00016157877887335026,0.0002714428121475265,0.0009661835748793202,0.003987941861047339
1970-01-01 00:00:00.000046013,0.029068085738217064,0.00017779358165159742,-0.0029761904761904656,0.0033504819869552005
1970-01-01 00:00:00.000046014,0.010386209955922432,0.0014408076007279558,-0.003872529245663614,0.002952078996431906
1970-01-01 00:00:00.000046015,-0.005474086374935738,0.0007193673304466408,0.0075321940552361966,0.0007076121317448614
1970-01-01 00:00:00.000046016,0.0036756364296410826,0.00011669646316359028,-0.004340836012861726,0.0006564392661239093
1970-01-01 00:00:00.000046017,0.00850390115355304,-0.0003197109999253378,-0.005086387857258234,0.0034515261407934705
1970-01-01 00:00:00.000046020,-0.039320461020813435,0.0022947184126058673,-0.011685466201411976,0.002050717407012348
1970-01-01 00:00:00.000046021,-0.001064145206405076,8.151705569714451e-05,0.0056654897774859325,0.01040314623923222
1970-01-01 00:00:00.000046022,-0.007042519056561725,0.00045180056498361765,-0.0025310254735466664,0.0026303656570760836
1970-01-01 00:00:00.000046024,0.006993333641377664,0.0016387832965150118,0.07153965785381033,0.0032437415898287636
1970-01-01 00:00:00.000046027,0.025265027750033253,0.0001440885354329069,0.0174929340768466,0.006432722194693596
1970-01-01 00:00:00.000046028,0.012032426065124557,-9.991797431407878e-05,0.02807807807807805,0.00020813005218922598
1970-01-01 00:00:00.000046029,-0.0066543410730921515,9.295624084959542e-05,-0.0043814809405579025,0.0018481682772879537
1970-01-01 00:00:00.000046030,0.004917180620020556,0.00010688974090866665,-7.334604664810396e-05,0.0008520284530602051
1970-01-01 00:00:00.000046031,0.005246403095872321,0.00013708305839266188,0.009975794029193796,-0.0017282680611823142
1970-01-01 00:00:00.000046034,0.02252030349717904,0.001605278135926147,0.010385648921490409,-0.002420858275848148
1970-01-01 00:00:00.000046035,-0.0002794414180766758,0.0009277599699406558,0.011213341000575028,0.00034843674024553906
1970-01-01 00:00:00.000046036,0.004264906754449127,0.0006534645205840128,-0.0026300824566392045,0.002188450937371522
1970-01-01 00:00:00.000046037,0.0014005602240896309,0.0009054530970664665,0.00905138621623558,0.0007018147723067969
1970-01-01 00:00:00.000046038,-0.0030249509741261393,0.0014020670076975161,0.014832603475067208,-0.003589252789934938
1970-01-01 00:00:00.000046041,0.015211142078702888,-0.00039738924507581874,0.006263919821826391,0.003273793846253925
1970-01-01 00:00:00.000046042,0.020107629012119155,0.00038367929957727753,0.0014524830543642953,0.0015896635007450755
1970-01-01 00:00:00.000046043,0.00423859897047052,0.0002610791115915667,-0.01270805994889146,0.0018090947722515516
1970-01-01 00:00:00.000046044,0.03712341702737554,-0.0005358809235629369,0.01028331584470088,0.0023869882420788358
1970-01-01 00:00:00.000046045,0.008389028494226514,0.0024774670672520482,0.009693948206619618,0.006508601683573145
1970-01-01 00:00:00.000046048,0.011398323760696494,-0.00038960559925493854,0.015567137566863343,0.006447754210682666
1970-01-01 00:00:00.000046049,0.02524242506939034,0.0008071899871540111,-0.012559929772435696,0.004518392631982726
1970-01-01 00:00:00.000046050,0.07838452741519641,0.0004931409622701555,0.025986459686794694,-0.0036707121268846343
1970-01-01 00:00:00.000046051,-0.03614648035654866,0.0005389631178787102,0.03126041458374984,0.002149411486314756
1970-01-01 00:00:00.000046052,-0.0924354616611297,0.0011924466103898634,-0.0004524301964839994,0.0032379723865014753
1970-01-01 00:00:00.000046055,-0.019232323659855388,-0.0008162439442747083,-0.01752344002586481,-0.0033593685302462095
1970-01-01 00:00:00.000046056,0.03655435502195692,0.000572988098415772,0.019415558773199892,0.0005728973628134071
1970-01-01 00:00:00.000046057,0.014182951545798517,-0.0002529823165359213,-0.004002840725676249,0.0007069701575548315
1970-01-01 00:00:00.000046058,-0.05981580969187106,0.001403256936345132,-0.026771245219420536,-0.0012458780109627643
1970-01-01 00:00:00.000046059,0.0544294904371303,0.0016333075281464993,-0.00133209004928736,-0.006331182852126305
1970-01-01 00:00:00.000046062,0.014076611145946494,-0.00030961598444123606,0.023942910497532388,0.0010672382075678222
1970-01-01 00:00:00.000046063,0.0027871030164714483,0.0008281924985489297,-0.009509542109034097,0.004018209434879072
1970-01-01 00:00:00.000046064,0.00425167903852941,0.0003461318051574125,0.006707437364371627,-0.002650205689239571
1970-01-01 00:00:00.000046065,-0.02604057404573268,0.00019248351859868507,0.03762492651381533,-0.003211527253529689
1970-01-01 00:00:00.000046066,0.02335371367154737,0.0006208689874795947,-0.0013220018885741203,0.006839050527050805
1970-01-01 00:00:00.000046069,-0.009000776503789276,0.0007670186557253711,0.00844679778113977,0.005074487793888194
1970-01-01 00:00:00.000046070,-0.025961845065084255,0.00013040762678695472,-0.014751843980497559,0.0013655880515941465
1970-01-01 00:00:00.000046071,0.024650846624222567,0.0008418201615929544,0.005329272934906815,0.002831768399159884
1970-01-01 00:00:00.000046072,0.004097540019212476,0.00014399473390680484,-0.02871387100845635,0.00028172707364682026
1970-01-01 00:00:00.000046073,0.023897752235560343,0.0014603077387169705,0.010785524007536962,-0.00553979411551242
1970-01-01 00:00:00.000046076,0.025522111383761814,0.0003194756947455524,0.013434466799511435,-1.0892949539043073e-06
1970-01-01 00:00:00.000046077,-0.016008270723135598,0.0004973104175125531,-0.0034885195991374296,0.0033201746359572404
1970-01-01 00:00:00.000046078,0.002617425531469708,0.00015276713728074043,-0.015403220673413487,-0.0021789827505341863
1970-01-01 00:00:00.000046079,0.0061507443133832496,0.0009073437852649135,0.005818087788480142,0.0003840860004460378
1970-01-01 00:00:00.000046080,0.016569054603847277,0.00048514831188906093,-0.0035992030336139402,0.0006558496788184875
1970-01-01 00:00:00.000046083,0.014503240065553147,0.0006078487617642292,0.0007095400890151371,0.003442312729818209
1970-01-01 00:00:00.000046084,-0.04157069947216385,-1.1376020713549373e-05,-0.029972927678226124,-0.007988622035815074
1970-01-01 00:00:00.000046085,0.008310657757601092,0.0001751927119830743,0.009568742109110184,0.0030617604248903696
1970-01-01 00:00:00.000046086,-0.013935747437050394,0.0012102103536681952,0.007174356611597377,-0.007179270577400643
1970-01-01 00:00:00.000046087,0.017531698485612868,0.0013223516046576567,-0.025944321003790405,0.0036139479091512605
1970-01-01 00:00:00.000046090,-0.005907790379135247,-0.0007192987631238212,-0.0002683663200268027,0.0019818248958285434
1970-01-01 00:00:00.000046091,0.011458453308542671,0.0005994686527848181,0.03831957586739154,-0.01582433063070532
1970-01-01 00:00:00.000046092,-0.012125744439437702,0.0003494805448267524,0.0013572905894518872,0.007487101423745868
1970-01-01 00:00:00.000046093,-0.004917279626434623,0.0010616867207491332,0.0016781772413347884,-0.0008115446069122401
1970-01-01 00:00:00.000046094,-0.014915584757167366,0.0016860196339705258,-0.014820542560731953,-0.004472623341062798
1970-01-01 00:00:00.000046097,-0.0018352311684874945,-0.0008167051264648117,-0.006017398129374074,-0.0028588010944365916
1970-01-01 00:00:00.000046098,-0.0013975591789715525,0.0005117069956686038,0.021254194906889623,-0.0006341540750497421
1970-01-01 00:00:00.000046099,-0.030930506686892234,0.0005001301243536815,-0.013466494845360777,0.003115095455266559
1970-01-01 00:00:00.000046100,-0.04017279137941021,0.0018524969125051083,-0.010450003265626062,0.0030103126987199857
1970-01-01 00:00:00.000046104,-0.04364907375255056,0.0002528644804424829,0.019932677711042235,-0.006205434275652233
1970-01-01 00:00:00.000046105,0.024488071952403656,0.0008757733552728908,-0.02368472141331779,-0.015072355070735122
1970-01-01 00:00:00.000046106,-0.010063263971629377,-0.00024581383548516467,0.007092198581560183,0.00011039342866214774
1970-01-01 00:00:00.000046107,-0.01852014931084256,-5.413745499827094e-05,-0.028169014084507005,0.002689698050982736
1970-01-01 00:00:00.000046108,0.019637595612170378,0.002273896212879878,-0.003182987945279714,4.9425984588236105e-05
1970-01-01 00:00:00.000046111,0.005244121641942323,0.00010578437992347922,-0.009647394524084474,0.0013467915135285669
1970-01-01 00:00:00.000046112,0.03985353211088771,0.0004275937499296223,0.015160869863483528,-0.0037758157096816625
1970-01-01 00:00:00.000046113,0.019589326799783313,0.00045215583854663066,0.0158805243951885,0.004502886509018644
1970-01-01 00:00:00.000046114,-0.023276326922486823,-0.0003372772283906089,0.008181999600878065,0.009264697969725288
1970-01-01 00:00:00.000046118,-0.0002743944769209028,0.0025956616013027567,0.008247558722618065,0.002526764264556114
1970-01-01 00:00:00.000046119,0.0363998722533192,0.0006214357184202157,-0.019959426739087793,0.0005860612694374989
1970-01-01 00:00:00.000046120,-0.025701940320253747,-0.0018048558469482279,0.05615651709401703,0.002723754795635358
1970-01-01 00:00:00.000046121,0.013581473575877245,0.001006257664853294,0.008345451096920975,0.011692477570738324
1970-01-01 00:00:00.000046122,-0.004461280950593616,0.0010905125408942062,0.029782431500407602,0.0036792714365858625
1970-01-01 00:00:00.000046125,0.00434306018815489,0.0011588082878326578,0.0023745737944471657,0.0004904386217696732
1970-01-01 00:00:00.000046126,0.01745476902125831,0.001273885350318471,0.005284577537508328,-0.0060410679582102444
1970-01-01 00:00:00.000046127,-0.002833157210256454,0.0004852046132450827,0.0007854984894259953,0.008180623262669995
1970-01-01 00:00:00.000046128,-0.003931938459498352,0.001378921937821076,-0.009660085733260937,0.0010586154048064511
1970-01-01 00:00:00.000046129,0.00837435080294302,0.0010578751439511702,0.030055477656526275,0.002974207284369923
1970-01-01 00:00:00.000046132,-0.0012241437308342373,0.0004013002126890264,-0.008345170454545414,0.0014648690692247168
1970-01-01 00:00:00.000046133,-0.01658987592113692,0.000345425452730197,-0.009131602506714409,0.00407427543266925
1970-01-01 00:00:00.000046134,-0.0022492211228075654,0.0007218012952321384,-0.0004216359474762399,0.0012086208508046425
1970-01-01 00:00:00.000046136,-0.002380376036444698,0.0017230593876684797,0.00018077734257304634,-0.0054220345130255865
1970-01-01 00:00:00.000046139,-0.002678165923865161,0.0008889382743486607,0.012531630316905629,-0.004703927671717567
1970-01-01 00:00:00.000046140,-0.019932875622971413,0.0003041909519845287,-0.014102106390574742,-0.0020248773745970006
1970-01-01 00:00:00.000046141,-0.005042632152464033,0.002763522392300155,-0.007121733357474791,-0.0029956867758567096
