Date,GAU/TRY,USD/TRY,BIST 30 Futures,HST Bond Fund,Balanced Multi-Asset,Conservative / Pension-like,FX & Gold Hedge Tilt
2023-05-02,0.0,0.0,0.0,0.0,0.0,0.0,0.0
2023-05-03,0.0,0.0,0.0,0.0,0.0,0.0,0.0
2023-05-04,-0.00040147300132964414,0.0,-0.019821379750296075,0.0,-0.0030707246797921917,-0.0016648266354283292,-0.004855249634175163
2023-05-05,-0.01603635664807379,0.0,-0.047662444181171826,0.0,-0.013814249013725077,-0.008411410802149022,-0.01697522603179802
2023-05-08,-0.013512367469171616,-0.0009120160678783851,-0.0010024605850722512,-0.0005162536239330384,-0.0036113746363802823,-0.0011441957586744156,-0.002201957082574091
2023-05-09,-0.005629180551589563,-0.0007992949808374172,-0.011437163947871976,-0.0005664449484822365,-0.0028798380306657156,-0.0010639511112645605,-0.003325228392048629
2023-05-10,-0.006706777657871643,0.0,-0.013123120386402842,-9.799258602427585e-05,-0.0029727710811409125,-0.0005386327659265833,-0.003618382265375253
2023-05-11,-0.012741321453051846,0.0,0.0,-0.0010396774370875494,0.0,0.0,0.0
2023-05-12,-0.015093361924019999,0.0,-0.021704450041981627,-0.002402013389133373,-0.005078376421005282,-0.0034351846003222164,-0.007247262282347844
2023-05-15,-0.00785439912485053,0.0,-0.11952141057934496,-0.0031070819958938234,-0.021116446440973657,-0.014678793714798632,-0.034443385739655885
2023-05-16,-0.017642248653391812,0.0,-0.10310663308144408,0.0,-0.017241154244613033,-0.009527441382842006,-0.026542401479631827
2023-05-17,-0.019183562637178908,0.0,-0.0948362720403022,0.0,-0.013585061499589157,-0.005872361255932268,-0.020582456057714693
2023-05-18,-0.029183041344716054,0.0,-0.1327875734676741,0.0,-0.02433132341040356,-0.012673302117289342,-0.03429668221208071
2023-05-22,-0.02128351540963791,0.0,-0.13442485306465124,0.0,-0.019540718263985846,-0.008474220468825844,-0.02963187655555799
2023-05-23,-0.018239011816221118,0.0,-0.12363560033585186,-0.0014591484254024012,-0.01602110137625601,-0.005845492402158925,-0.02545577963264778
2023-05-24,-0.023816063121514186,0.0,-0.13501259445843794,-0.004491978119645523,-0.02032759450415167,-0.008264269656381718,-0.03094410122130009
2023-05-25,-0.026530674171202695,0.0,-0.1415197313182197,-0.008725112013120984,-0.02275637970679778,-0.009515417907966617,-0.03442375974812373
2023-05-26,-0.027218469002937895,-5.017083168190606e-05,-0.10092359361880743,-0.009121395651417119,-0.013828898382785448,-0.0027138620425393167,-0.021002345845439696
2023-05-29,-0.021194039837636014,0.0,-0.07430730478589398,-0.00519520977835608,-0.002876406849478763,0.0,-0.008240502152646045
2023-05-30,0.0,0.0,-0.01851385390428184,-0.0028358332035295364,0.0,0.0,0.0
2023-05-31,0.0,0.0,-0.02732997481108279,-0.008846516827165196,0.0,0.0,0.0
2023-06-01,0.0,0.0,-0.024055415617128095,-0.008454814502606545,0.0,0.0,0.0
2023-06-02,-0.010380005465538078,0.0,0.0,-0.015157276500609052,0.0,0.0,0.0
2023-06-05,0.0,0.0,0.0,-0.01629802362125332,0.0,0.0,0.0
2023-06-06,0.0,0.0,0.0,-0.029659425136752016,0.0,0.0,0.0
2023-06-07,0.0,0.0,0.0,-0.02854387524166402,0.0,0.0,0.0
2023-06-08,0.0,-0.005329995095888274,-0.006362147129414519,-0.030080906000604424,0.0,0.0,0.0
2023-06-09,-0.0067169450019829435,0.0,-0.007619337879538279,-0.029730435499683572,0.0,0.0,0.0
2023-06-12,0.0,0.0,-0.018857861251857178,-0.029817480460696655,0.0,0.0,0.0
2023-06-13,-0.00913559219746396,0.0,-0.05649739037677626,-0.03016107899101106,-0.010914285145451452,-0.007619870699115849,-0.013875402554611393
2023-06-14,-0.011348411799022129,-0.0030988717905297003,-0.07470760790887265,-0.029515113754019717,-0.016326079236162694,-0.012374632011572628,-0.02058278777119671
2023-06-15,-0.0006578109179176117,0.0,-0.04693512133795552,-0.02856678181035166,-0.005184341327800324,-0.0033554156332227247,-0.007967528282308511
2023-06-16,-0.003010105209513614,-0.001783781955904007,-0.06141186330907822,-0.028055965328617094,-0.009479993175458223,-0.006905697325414684,-0.01329539627774734
2023-06-19,-0.007170206060443163,-0.0020754429866086666,-0.0942512095698882,-0.026896892953022666,-0.017767487607735943,-0.012913865955184067,-0.02444503698161704
2023-06-20,-0.015204752868283156,-0.004522859461652651,-0.10648024686654711,-0.026250927716031325,-0.02382677654557608,-0.01762269254813642,-0.03068679622172732
2023-06-21,-0.01759392748657196,-0.005507743811713373,-0.11383290792030143,-0.02557060262600841,-0.0264496606545227,-0.019694942006325045,-0.03369009979728588
2023-06-22,0.0,0.0,-0.07421235094670242,-0.02560267182217113,0.0,0.0,0.0
2023-06-23,0.0,0.0,-0.049868566421577665,-0.026608270187558403,0.0,0.0,0.0
2023-06-26,0.0,0.0,-0.024000914320545408,-0.018322964293239985,0.0,0.0,0.0
2023-06-27,-0.006696907431267052,0.0,0.0,-0.019259842952564332,0.0,0.0,0.0
2023-07-03,-0.007769553469234802,-0.0036728791526609017,0.0,-0.01629115165064665,0.0,0.0,0.0
2023-07-04,-0.0021682330605630185,-0.0001846054443221945,-0.003955668008980284,-0.015299297226471942,0.0,0.0,0.0
2023-07-05,-0.0007012500976540936,0.0,0.0,-0.00960701490759408,0.0,0.0,0.0
2023-07-06,-0.003769761798176119,0.0,-0.00950987564008765,-0.007476704019643843,-0.0025493563640811567,-0.001543459355011767,-0.003013081631796699
2023-07-07,0.0,-0.0010390187981887955,-0.006723098895739632,-0.007291160813273745,-0.0009282651649947793,-0.0008447249973198012,-0.0013734794322104449
2023-07-10,0.0,0.0,-0.0015675619186956702,-0.00413921696185493,0.0,0.0,0.0
2023-07-11,0.0,-0.00394708605414007,0.0,-0.003882663392553276,0.0,0.0,0.0
2023-07-12,0.0,0.0,0.0,-0.003969708353566359,0.0,0.0,0.0
2023-07-13,-0.004233550356089744,-0.004982244535602476,-3.42959050688707e-05,-0.0033054178616248597,-0.002883234460107631,-0.003242936018561071,-0.001898390757299695
2023-07-14,-0.0011094654377264979,-0.0014349782648622744,0.0,-0.0031404905670738836,0.0,-4.6841521659235497e-05,0.0
2023-07-17,0.0,0.0,0.0,-0.002251715701993451,0.0,0.0,0.0
2023-07-18,0.0,0.0,-0.03521337908518496,0.0,0.0,0.0,0.0
2023-07-19,-0.003945499899567162,-0.005390304880993457,-0.005030482726454788,0.0,0.0,0.0,0.0
2023-07-20,-0.006037076137579422,-0.007169737022961642,0.0,-0.0007827717401196477,0.0,0.0,0.0
2023-07-21,-0.0062496204565732905,0.0,-0.009806835066864639,-0.0031811479438587087,0.0,0.0,-0.0017456683253256333
2023-07-24,-0.008109383247770663,-0.001898201528200416,-0.01644378405151048,0.0,-0.0017089718252341068,-0.0014727592725890526,-0.0031747529036915134
2023-07-25,-0.006382752612426712,-0.0030067215612707976,-0.030378074954597767,-0.0004675803398357381,-0.004331996373294733,-0.00387161101789657,-0.007315575174842048
2023-07-26,-0.0029329948195243594,-0.0020464985225910892,-0.006009575697539682,0.0,0.0,0.0,0.0
2023-07-27,-0.01394208984785561,-0.0012494021777413877,0.0,0.0,0.0,0.0,0.0
2023-07-28,-0.010242417306245977,-0.0026915904481904507,0.0,0.0,0.0,0.0,0.0
2023-07-31,-0.006717334740952929,-0.0028695468414593472,0.0,0.0,0.0,0.0,0.0
2023-08-01,-0.010943696776333445,-0.002932573064075239,-0.015716667695917952,-0.00022457728939695443,-0.004685212783821946,-0.0032737793312855867,-0.005847522130576821
2023-08-02,-0.019761366449762674,-0.0006117251018614711,0.0,0.0,-0.0034961957734904736,-0.001169475753646232,-0.002195350228056059
2023-08-03,-0.011941604032269626,-0.00021873806672612073,-0.01664508969853895,0.0,-0.003876100736538657,-0.0018356446486277322,-0.005046740640879066
2023-08-04,-0.016875668580344394,-0.0013272580997962802,0.0,0.0,0.0,0.0,0.0
2023-08-07,-0.017917953221564864,0.0,0.0,0.0,0.0,0.0,0.0
2023-08-08,-0.02189673616009513,0.0,-0.009966777408637717,-0.00020152667653383638,-0.0033881822818108143,-0.0022465480820448303,-0.004017669678985092
2023-08-09,-0.028650857417796716,0.0,0.0,-4.254452060148406e-05,0.0,0.0,0.0
2023-08-10,-0.026213604704937166,0.0,-0.03024163950791281,-4.254452060148406e-05,-0.005064530094003206,-0.0038584205944038885,-0.008374807617718694
2023-08-11,-0.026885688526810947,-0.005015074855733159,0.0,0.0,0.0,-0.0011816389833748664,0.0
2023-08-14,-0.0306244832370266,0.0,-0.005821436929557722,0.0,-6.27023819399497e-06,0.0,-0.00021532635815701973
2023-08-15,-0.03350667762865922,0.0,-0.015855370933770208,-0.0006677290978535089,-0.0028279787842411253,-0.001646032736735581,-0.003927505848202673
2023-08-16,-0.03670768849878303,-0.00021816299363996983,-0.024046337467821033,-0.008037232574496178,-0.00681207343098722,-0.004766969083631389,-0.009119149753677891
2023-08-17,-0.036662143287570004,-0.00045481437657135526,-0.011467353147671333,-0.0029558141398311477,-0.0035427878394976853,-0.002186498569741402,-0.004053963318774612
2023-08-18,-0.0385616121603376,-0.0004917911551542975,-0.0475076058974957,0.0,-0.010329502683686709,-0.0068757855965516645,-0.01348335988734417
2023-08-21,-0.032370966913155774,0.0,-0.005704423121928093,0.0,0.0,0.0,0.0
2023-08-22,-0.02995999028368823,0.0,-0.021003978469459117,-0.0004510998876674499,-0.0017468795641837342,-0.0010004712945026473,-0.003755279338411688
2023-08-23,-0.020602201118310015,-0.0002721929185700578,-0.046600748888368626,-0.0006456919960727836,-0.0037071143773197424,-0.0031561402881697953,-0.009269681618534142
2023-08-24,-0.0681035207616092,-0.05165044544003283,-0.05417739293236579,-0.00014815535526346846,-0.03748899269125794,-0.039554494481501834,-0.033704273332167634
2023-08-25,-0.0454722220924636,-0.023544687456320323,-0.027117949918090134,0.0,-0.015220774291352934,-0.016513797116489926,-0.013779662049544505
2023-08-28,-0.050900277008310124,-0.02514474042359094,-0.0017259536625319205,-0.011909868872034046,-0.014283698288706237,-0.0163447947623393,-0.010719344651656693
2023-08-29,-0.03430021534710104,-0.023254103124333292,-0.008278726889772603,-0.015142737102801451,-0.00945384759546164,-0.013401328874251717,-0.008767224827143982
2023-08-31,-0.02776739710285736,-0.01973030831365452,-0.010911537561431817,-0.012951374300687268,-0.006231793000689323,-0.010350415423226567,-0.006613693710886159
2023-09-01,-0.026883936787918006,-0.02043286030618008,0.0,-0.012566614333413995,0.0,-0.0026346644154761067,0.0
2023-09-04,-0.025873183446768033,-0.01644560187739541,0.0,-0.01235433297215971,0.0,0.0,0.0
2023-09-05,-0.03157450962989228,-0.015522352923866611,0.0,-0.012128784025827177,0.0,0.0,0.0
2023-09-06,-0.03552409692020908,-0.01450346862057017,-0.007056174839382812,-0.011847953475001338,-0.002485534269564882,-0.0013139817740432935,-0.0028583828689532353
2023-09-07,-0.03130590966632851,-0.01485658375817489,0.0,-0.010631758176149031,0.0,0.0,0.0
2023-09-08,-0.03255314775800744,-0.013381592402139209,-0.001744915208026554,-0.012980120735023859,-0.0007064932673133129,-0.00012666859277010722,-0.0011393135229449403
2023-09-11,-0.029735767705408422,-0.014047361567831151,-0.02650089972190406,-0.012601994560289542,-0.004789169910892288,-0.003543622843292682,-0.007882539170276037
2023-09-12,-0.03299458595899485,-0.012403169208360043,-0.03388952505589171,-0.018678548526191774,-0.007890570301970268,-0.005436401330190521,-0.012170078483670466
2023-09-13,-0.03625982725518806,-0.009751127393642256,-0.0468945962157149,-0.023289034340932102,-0.011634011038459846,-0.007481803497694006,-0.01762293331561171
2023-09-14,-0.03356798848990716,-0.01192131417683684,-0.032117345547739595,-0.02446321562036946,-0.008431052095395408,-0.005885669516901393,-0.013093468796155139
2023-09-15,-0.025331896128889975,-0.009839406178043464,-0.05651889415998668,-0.028162660593060274,-0.010410442137458342,-0.007468872374644775,-0.01897492602477935
2023-09-18,-0.019725163845977223,-0.006418603282499213,-0.08501008779104602,-0.026188001680560014,-0.013067500034450452,-0.008805832984768558,-0.02527540410895801
2023-09-19,-0.020027046848504315,-0.008923513789881543,-0.07819401275969207,-0.03352276496472928,-0.013564959118293363,-0.01012861904456075,-0.02549901316913683
2023-09-20,-0.021242753640112744,-0.007577262327764123,-0.08427395168765972,-0.033735046325983564,-0.014925020360860075,-0.010713853518447447,-0.027518256098679972
2023-09-21,-0.021716890967099167,-0.00274032059911844,-0.053410763945689,-0.028005660836298962,-0.006135464882518704,-0.0025176274820146727,-0.015413701920084066
2023-09-22,-0.01780409019353124,-0.003045618061839006,-0.054392278750204026,-0.028872476394753654,-0.005174504646040967,-0.002160966725359259,-0.015015267989945014
2023-09-25,-0.020525708519990027,-0.00021701867831924737,-0.02336550520748082,-0.0256130729938292,0.0,0.0,-0.004616561385248907
2023-09-26,-0.0236934363511504,0.0,-0.032771688750749095,-0.02760099949140782,-0.0025838771336241795,-0.00109697743356596,-0.008287254328979032
2023-09-27,-0.03632756115904312,-0.015452417123523854,-0.034898304160531524,-0.02733564778984021,-0.01212294935236291,-0.011688569451972497,-0.015146978214966023
2023-09-28,-0.03757071185997207,0.0,-0.031244887943725708,-0.02804104106317451,-0.006046609790322011,-0.0016823853309900771,-0.01061543076765148
2023-09-29,-0.04871235513119254,0.0,-0.009896940945525179,-0.026252128341771597,-0.00532732072045472,-0.00026504798666082685,-0.006422098146853017
2023-10-02,-0.05888762244654755,0.0,0.0,-0.02376887866793309,-0.005628763723206864,0.0,-0.004367893914592358
2023-10-03,-0.05713354790188285,0.0,-0.0013055895552834818,-0.02259911991685526,-0.004634612417227624,0.0,-0.003711054761105226
2023-10-04,-0.056960125751494894,0.0,-0.027090983272133773,-0.022201092364503627,-0.009311470176076697,-0.0032087845071179233,-0.011055155328121624
2023-10-05,-0.05670378796018083,0.0,-0.013572691418468619,-0.01967361740707052,-0.005947073777764489,-0.00046762629590202387,-0.0061380648280870975
2023-10-06,-0.049879013233802505,0.0,-0.02018223854209167,-0.019107533777059094,-0.004309455297206721,0.0,-0.005950494129819295
2023-10-09,-0.030565508027634247,0.0,-0.04675642594859242,-0.017028945448111288,-0.0009596237965202592,0.0,-0.0075615715373702486
2023-10-10,-0.03159786614846227,0.0,-0.023609411124710933,-0.016703889613690626,0.0,0.0,-0.00022712359978938057
2023-10-11,-0.023900141540501463,-0.00025627143114936857,-0.03495172038623684,-0.015766313601484505,0.0,-0.00013781714550331614,-0.0015374521310864697
2023-10-12,-0.021743750963455266,-0.0003609456776750841,-0.04898680810553502,-0.01543904650288408,-0.0021169981479702837,-0.0018797237562779845,-0.005280225548647932
2023-10-13,0.0,0.0,-0.06296749626002984,-0.015029962629633742,0.0,0.0,-0.0013646568673668646
2023-10-16,-0.004108534312079581,0.0,-0.07735618115055065,-0.014189682241335877,-0.0033653329647324037,-0.0013040692720595048,-0.0061015139927192985
2023-10-17,0.0,0.0,-0.06193390452876357,-0.01350640160979888,0.0,0.0,0.0
2023-10-18,0.0,0.0,-0.09528083775329765,-0.012405192048292601,-0.00030802180347011543,-0.00044292664490608313,-0.005687228766174779
2023-10-19,0.0,-0.0014608290651407785,-0.11124711002311949,-0.01040178670145575,0.0,-0.0009313242089307172,-0.007525219098575731
2023-10-20,0.0,-0.0017679960568330877,-0.142880456956344,-0.010036928111800125,-0.006928321628688838,-0.00623397144367277,-0.017931233513760914
2023-10-23,-0.00042061483794564314,0.0,-0.11445668434652467,-0.007816818875349463,0.0,0.0,-0.006937133129546025
2023-10-24,0.0,0.0,-0.09139126886984861,-0.006131835570394095,0.0,0.0,0.0
2023-10-25,0.0,0.0,-0.15272677818577418,-0.009930787431172927,-0.011997604161950282,-0.009359213839094438,-0.019730339974789457
2023-10-26,0.0,0.0,-0.13466612267101818,-0.009163478760806143,-0.007020514662674393,-0.005538482116228316,-0.0128180927590692
2023-10-27,0.0,0.0,-0.12813817489460044,-0.008433761581494892,-0.0010194914460611715,-0.0013779703463909776,-0.007300295380004762
2023-10-30,-0.002504617097173867,0.0,-0.1292533659730718,-0.008203790106802944,-0.0014211480187377168,-0.0008773613306045647,-0.007784912249866438
2023-10-31,-0.007068916018879712,0.0,-0.14655242758057885,-0.005943878115117318,-0.006155472179335986,-0.003608282144503816,-0.013942931142249204
2023-11-01,-0.005511917555528711,0.0,-0.10229838161294658,-0.005360104371668228,0.0,0.0,0.0
2023-11-02,-0.002346222340040338,0.0,-0.08845369237046041,-0.004548570417706732,0.0,0.0,0.0
2023-11-03,0.0,0.0,-0.07858017135862849,-0.006136258098753955,0.0,0.0,0.0
2023-11-06,-0.005742854283800836,-0.0005532552198045382,-0.06032911736706026,-0.004643654777435113,0.0,0.0,0.0
2023-11-07,-0.008020202531144327,0.0,-0.06043791649666719,-0.003783473011519378,0.0,0.0,0.0
2023-11-08,-0.016343904876999993,-0.0005589086166835067,-0.058887528899767894,-0.00670455299294459,-0.003214325155711406,-0.0021499627616760053,-0.0024475399612846616
2023-11-09,-0.01204487398709675,-0.0013111504026601661,-0.06378348973208137,-0.010297857285008316,-0.0034926610808050373,-0.002973408120838461,-0.003966812767273176
2023-11-10,-0.02153749047439435,0.0,-0.07675778593771165,-0.008876014417440903,-0.008190451306722468,-0.004745006951105468,-0.009342587381394374
2023-11-13,-0.015498833834950876,0.0,-0.0959336325309389,-0.006713398049663533,-0.009475262681553631,-0.005675720598790179,-0.013201339574955728
2023-11-14,-0.006366348468370364,0.0,-0.0799129606963136,-0.007266214094596268,-0.00222280860234636,-0.0002526601324811528,-0.005399918070548293
2023-11-15,-0.006005117710643604,0.0,-0.08214334285325631,-0.007219777546821904,-0.0021918740176969376,0.0,-0.005768190595832334
2023-11-16,0.0,-0.003946913834439014,-0.06897864817081367,-0.006005793512149471,0.0,0.0,0.0
2023-11-17,-0.0012843565373746868,-2.7918046574426647e-05,-0.059023527811776666,-0.002967516529198244,0.0,0.0,0.0
2023-11-20,0.0,0.0,-0.048089215286276854,0.0,0.0,0.0,0.0
2023-11-21,0.0,0.0,-0.03574051407588652,0.0,0.0,0.0,0.0
2023-11-22,-0.00314249016148882,0.0,-0.03968448252413892,0.0,-0.0012272548707997766,-0.00013842635668648295,-0.0014810106834625136
2023-11-23,-0.001398402720538816,-0.0016754427955959494,-0.05410036719706157,0.0,-0.004087007489396943,-0.0028482635140094636,-0.00582685109666492
2023-11-24,0.0,0.0,-0.04662042703658287,0.0,0.0,0.0,-0.0013857869795684818
2023-11-27,0.0,0.0,-0.022222222222221255,0.0,0.0,0.0,0.0
2023-11-28,0.0,0.0,-0.023391812865496076,0.0,0.0,0.0,0.0
2023-11-29,0.0,-0.0003911388023537521,-0.02344621243029965,0.0,0.0,0.0,0.0
2023-11-30,-0.0041866245569411875,-0.0012045690550362975,-0.04188766489867979,0.0,-0.004979159752079854,-0.003569704986616351,-0.006029459645302437
2023-12-01,0.0,-5.1921079958328065e-05,-0.031388548891607915,0.0,0.0,0.0,0.0
2023-12-04,-0.017459007704826446,0.0,-0.023228614171085682,0.0,-1.056380878483587e-05,0.0,0.0
2023-12-05,-0.024650975729900826,-0.00196686404441182,-0.03160614715082166,-0.004110067052390254,-0.0054943443352137855,-0.00435040872926995,-0.005823858294642048
2023-12-06,-0.02072165976966589,-0.001953037232148791,-0.05388276893784749,0.0,-0.007627710106752672,-0.005939954356920296,-0.009955152643252974
2023-12-07,-0.020269076563984245,-0.0002834496513915985,-0.04542363661090598,0.0,-0.004621433844953726,-0.0031092830273692362,-0.005900886260088223
2023-12-08,-0.029732794043984212,-0.0025441334563920392,-0.05646674826601272,0.0,-0.010920299026450975,-0.007847523634829101,-0.012126926228034907
2023-12-11,-0.04044358350290045,0.0,-0.07781857745137921,-0.0018675492566114782,-0.01859351808465759,-0.012176038610726247,-0.02142052321965926
2023-12-12,-0.03849815121579114,-0.001392372699820954,-0.07507139942880336,-0.0027681230092443387,-0.01785515755487055,-0.012155481481515573,-0.020543209280326158
2023-12-13,-0.01539614280636914,0.0,-0.09715762273901696,0.0,-0.013166331811918508,-0.009529062648953923,-0.020247832358844864
2023-12-14,-0.014189600666767666,0.0,-0.06201550387596788,0.0,-0.004562735405581053,-0.0028556401582977564,-0.007902128848843781
2023-12-15,-0.021838828417444667,-0.0005592512937000471,-0.044281245750032894,0.0,-0.0029392975037592084,-0.0011230122985156354,-0.0030982671242577586
2023-12-18,-0.015671537868379826,0.0,-0.06574187406500631,0.0,-0.0034108548178719555,-0.0008217386291622386,-0.006126602720502361
2023-12-19,-0.00801399630450994,0.0,-0.07784577723378094,0.0,-0.0020056687716061283,0.0,-0.006272779149703256
2023-12-20,-0.010989821814198608,0.0,-0.08042975656194629,0.0,-0.002544657125076233,0.0,-0.00650736549860409
2023-12-21,-0.0007809788267960638,-0.0002095377459920833,-0.07311301509587798,0.0,0.0,0.0,-0.0010971263355941119
2023-12-22,0.0,0.0,-0.10112879096967098,-0.00022008864120504068,-0.004027827891896152,-0.002349896520125072,-0.008792333288502041
2023-12-25,0.0,0.0,-0.13118455052359468,-0.0016597510373441704,-0.009100271132387094,-0.005995924966767707,-0.01783367512782441
2023-12-26,0.0,-0.0021643689479731165,-0.129062967496259,-0.0008904503740497782,-0.007186401040614743,-0.005469815525366739,-0.015963298048729535
2023-12-27,0.0,0.0,-0.1359445124438995,-0.0016779234939575671,-0.003779843121682447,-0.001721141414283478,-0.014975786966966331
2023-12-28,-0.0020550957008904636,0.0,-0.129062967496259,0.0,-0.00200822002359069,0.0,-0.01200617209097865
2023-12-29,-0.0124969972598723,0.0,-0.12680538555691445,-0.003839247386591138,-0.005036284477805464,-0.0011372567352873064,-0.014319092656631005
2024-01-02,0.0,0.0,-0.05690194478444055,-0.00631208546708828,0.0,0.0,0.0
2024-01-03,-0.006659042119278924,0.0,-0.07882496940024353,-0.010586649092789169,-0.007466364077443166,-0.005199414257657242,-0.009608109747684779
2024-01-04,-0.0040909605457591924,0.0,-0.06364749082007193,-0.018484817338484727,-0.003921508220559589,-0.0024745215896297967,-0.005673542940769383
2024-01-05,-0.0054265254044132405,0.0,-0.055133958928327176,-0.021661013601617207,-0.0023460274528251945,-0.0006720917187762465,-0.0036231679167375574
2024-01-08,-0.008122528811601026,0.0,-0.029103767169861072,-0.0268465167647135,0.0,0.0,0.0
2024-01-09,-0.006645336208528918,-0.0003447571804887639,-0.03617571059431357,-0.02636484740755074,-0.0009647189440217252,-0.0008928671237886654,-0.0017580697747981988
2024-01-10,-0.012319075632768905,0.0,-0.016455868353051573,-0.010459681856381908,0.0,0.0,0.0
2024-01-11,-0.0012853098525700268,0.0,-0.018223854209164614,-0.00664864941121468,0.0,0.0,0.0
2024-01-12,0.0,0.0,-0.013300693594449409,-0.010139240735926203,0.0,0.0,0.0
2024-01-15,0.0,0.0,-0.0047871617027045454,-0.009375421964525565,0.0,0.0,0.0
2024-01-16,-0.011693702578139065,-0.001911931449775972,-0.008404732762136158,-0.016642784734103966,-0.006493791118907799,-0.004940373409171084,-0.006230339161886422
2024-01-17,-0.01997906897176316,0.0,-0.013681490548073771,-0.018436448867471866,-0.010005341450578964,-0.006452061965748879,-0.009864132925311075
2024-01-18,-0.012697989413729904,0.0,-0.020073439412482963,-0.020482032120694882,-0.008831188487658292,-0.00593021920241843,-0.010337613969740311
2024-01-19,-0.009001851590959342,0.0,-0.02771657826737206,-0.02010113041147399,-0.008116233021574382,-0.0047788941558499776,-0.011028737427656421
2024-01-22,-0.010544508623985926,0.0,-0.023718210254316086,-0.016640769381145004,-0.0071430282119780975,-0.0036593313236963354,-0.009205805501693254
2024-01-23,-0.005737416225571779,-3.3091544448748955e-05,-0.03351013191894281,-0.01892214893055222,-0.0078017641516442415,-0.004553398698726285,-0.0115648644636136
2024-01-24,-0.013145289512346836,0.0,-0.013137494900039015,-0.01497407248418392,-0.005505845260448283,-0.0021187493052743367,-0.006093608483565771
2024-01-25,-0.009398333568136241,0.0,-0.011287909696720555,-0.016114762258887638,-0.003923036482586628,-0.0011514509117549476,-0.004838312330816663
2024-01-26,-0.010258216434882006,0.0,0.0,-0.008932044313580079,0.0,0.0,0.0
2024-01-29,-0.0025947430917541148,0.0,0.0,-0.01113684045055141,0.0,0.0,0.0
2024-01-30,0.0,0.0,-0.0016732623303498118,-0.010673309270018083,0.0,0.0,0.0
2024-01-31,0.0,-0.00029020013916403187,0.0,-0.008899798666238468,0.0,0.0,0.0
2024-02-01,0.0,-0.0017774758523805279,0.0,-0.00796467489333652,0.0,0.0,0.0
2024-02-02,-0.005142454030368504,0.0,-0.00036769533814828836,-0.0052358869870664515,-0.00018229997406626897,0.0,0.0
2024-02-05,-0.011141486588803873,0.0,0.0,-0.002351916902965656,0.0,0.0,0.0
2024-02-06,-0.005283642830119395,-0.0067629306251042465,0.0,-0.002106043841987204,0.0,-0.001727564114015312,0.0
2024-02-07,-0.004115852370206841,0.0,-0.001526994150836014,-0.0006509590057044434,0.0,0.0,0.0
2024-02-08,-0.002602547065833183,0.0,0.0,0.0,0.0,0.0,0.0
2024-02-09,-0.007070377148095441,-0.0003794619491257478,0.0,-0.0005267015664864871,0.0,0.0,0.0
2024-02-12,-0.008728351257847877,0.0,0.0,-0.0013457925957374162,0.0,0.0,0.0
2024-02-13,-0.021937458333146642,0.0,-0.018535330609774525,0.0,-0.007364488854264439,-0.003952622258876604,-0.00794392990823034
2024-02-14,-0.019877792145229223,0.0,-0.01006203661673466,0.0,-0.0037336567681163224,-0.0009235366715827364,-0.0030727075707563944
2024-02-15,-0.013397027379192683,-0.0005498635102113569,0.0,0.0,0.0,0.0,0.0
2024-02-16,-0.007614252313333458,0.0,-0.004224894377640509,0.0,0.0,0.0,0.0
2024-02-19,-0.004995299506684203,-0.0001979349864690283,-0.008649783755406037,0.0,0.0,0.0,-0.0002636500911723516
2024-02-20,0.0,0.0,0.0,0.0,0.0,0.0,0.0
2024-02-21,0.0,0.0,-0.004511762810183728,-0.0027915846626358487,0.0,-0.00013171207121909223,-0.0009512246187729501
2024-02-22,0.0,-0.000854211359069601,-0.008131089020550597,-0.0031304361530896108,-0.0007196426961693092,-0.000975186586910981,-0.0020718569383221253
2024-02-23,-0.002677518486744468,0.0,-0.0045365527157338326,-0.008875150956368705,-0.000962643579378919,-0.00044274252699283423,-0.0025380442673285097
2024-02-26,0.0,0.0,-0.013634448052752601,-0.005472845584193586,0.0,0.0,-0.0018681379132182707
2024-02-27,-9.638383584065213e-05,0.0,-0.03244998636555152,-0.009535123336032014,-0.004166801532676123,-0.0030020611347163495,-0.00842730114325596
2024-02-28,0.0,0.0,-0.04345670442995575,-0.00975380075138299,-0.004026006952961292,-0.0023286674168145893,-0.010174772407466781
2024-02-29,0.0,0.0,-0.0375567069089463,-0.009448440396613189,-4.6842680754166643e-05,0.0,-0.006355582268625648
2024-03-01,0.0,0.0,0.0,-0.007795554347247324,0.0,0.0,0.0
2024-03-04,0.0,0.0,-0.017712049147839748,-0.007173013236878245,0.0,0.0,0.0
2024-03-05,0.0,0.0,-0.023607808164882838,-0.009718339548893451,0.0,0.0,0.0
2024-03-06,0.0,0.0,-0.02858699960364608,-0.015102532126863633,0.0,0.0,0.0
2024-03-07,0.0,0.0,0.0,-0.015372431279143894,0.0,0.0,0.0
2024-03-08,0.0,-0.0006653861122618565,0.0,-0.012100150316096459,0.0,0.0,0.0
2024-03-11,0.0,0.0,-0.002127139364303088,-0.01024434738581903,0.0,0.0,0.0
2024-03-12,-0.010448880454868248,0.0,-0.009731051344743058,-0.010246317452624165,-0.004401961350804506,-0.0019339768405581825,-0.004379107650090086
2024-03-13,-0.0010704034772111015,-0.003759234165318759,-0.027848410757945974,-0.00607174589290238,-0.005235330026360896,-0.004025680186373837,-0.007183414288413514
2024-03-14,-0.005139981481308564,0.0,-0.03537897310513416,-0.0003427916240633655,-0.005120971979953093,-0.0014391017303390097,-0.0075981273380926195
2024-03-15,-0.011737543112855908,-0.0009239642733813724,-0.04479217603911945,0.0,-0.009526164999853703,-0.004564588651993384,-0.012130188294811717
2024-03-18,-0.0006747809295707397,0.0,-0.053520782396087596,0.0,-0.005913617035509078,-0.0013347638023190056,-0.010724767151909176
2024-03-19,-0.0012268744174013246,0.0,-0.02838630806845921,0.0,0.0,0.0,-0.0021015472829372106
2024-03-20,0.0,-0.006258054347725306,-0.027921760391197425,0.0,0.0,0.0,0.0
2024-03-21,-0.01805229728011626,-0.010164316419589148,-0.007334963325182797,0.0,-0.0031454520212509385,-0.002282686136354295,0.0
2024-03-22,-0.02950255930641832,-0.010664960767407194,-0.013398533007334512,0.0,-0.008501225698371195,-0.005694177615682472,-0.00471218532088713
2024-03-25,-0.021292140604236676,-0.007531297997731223,-0.019657701711490838,0.0,-0.00465417575910243,-0.002152728099875989,-0.001817927392231078
2024-03-26,-0.01705086741242723,-0.005704873247358244,-0.04469437652811681,0.0,-0.007587886322731552,-0.004100992671656312,-0.00786460528504096
2024-03-27,-0.009308072918027266,-0.003473606462638279,-0.04080684596576967,0.0,-0.0032251556933731163,-0.000655316540962736,-0.004002973181994385
2024-03-28,0.0,-0.0016626336983091017,-0.012249388753055812,-7.950960029956544e-05,0.0,0.0,0.0
2024-03-29,0.0,-0.0003801188566766589,-0.011638141809290459,0.0,0.0,0.0,0.0
2024-04-01,0.0,-0.008755095292397597,-0.004107579462102051,0.0,0.0,-0.00202487680699992,0.0
2024-04-02,0.0,-0.009725480015946086,-0.021735941320292662,0.0,-0.000935925192547149,-0.0033993973556222246,-0.0031887010664346516
2024-04-03,0.0,-0.012664447761470354,-0.023545232273837757,0.0,-0.0005170594052572586,-0.004046243679157957,-0.002799669894711254
2024-04-04,-0.003174377169909759,-0.015081138378715275,-0.0018337408312948389,0.0,0.0,-0.0021124739304897444,0.0
2024-04-05,0.0,-0.009917084642888652,0.0,0.0,0.0,0.0,0.0
2024-04-08,0.0,-0.011802226940227811,0.0,-0.00011856180703473385,0.0,0.0,0.0
2024-04-09,0.0,-0.0027102783520758233,0.0,-0.0023502009813858304,0.0,0.0,0.0
2024-04-15,0.0,0.0,-0.014716823212126862,0.0,0.0,0.0,0.0
2024-04-16,0.0,-0.00048146216355504645,-0.025806751604203426,0.0,-0.0013578138621710423,-0.001231085723622627,-0.0024984167724763084
2024-04-17,-0.007561489798974419,-0.0006080002962842723,-0.028922161257323387,-0.00324194691644486,-0.00516302087620879,-0.003769537067313644,-0.006174769116242151
2024-04-18,0.0,0.0,-0.03317678787315148,-0.005797878102035914,-0.002214512869990415,-0.000979133119609732,-0.005180871064719317
2024-04-19,0.0,-0.0008701694831866336,-0.01404259276480957,-0.0044239463197441875,0.0,0.0,0.0
2024-04-22,-0.01988902061252018,-0.0011130789855606782,-0.022482098019157237,-0.003458583463030518,-0.008600586793102716,-0.005237872627209539,-0.007346377942797577
2024-04-24,-0.027037790422533403,0.0,-0.01264763321863649,-0.00032115417871014795,-0.008182318708926162,-0.003905042797696434,-0.005054615633041881
2024-04-25,-0.021984121509435295,-0.0007406428534111331,-0.021133637124523208,0.0,-0.008152923410417512,-0.004371087085792591,-0.006221974377953465
2024-04-26,-0.021589485352742188,-0.004170341709870962,0.0,0.0,-0.00402827153251506,-0.0021686139743162247,0.0
2024-04-29,-0.02415421931824191,-0.003810776507177538,0.0,0.0,-0.0004936307533022211,0.0,0.0
2024-04-30,-0.042702920788822984,-0.004259464708829208,-0.003987240829345984,0.0,-0.007803124478297785,-0.004352649494506644,-0.005584536578764121
2024-05-02,-0.037871435240366846,-0.007311159121431876,0.0,0.0,0.0,0.0,0.0
2024-05-03,-0.04013658261130393,-0.006290854443703586,0.0,-0.005267645202968629,-0.0009354229964351202,-0.00046930937924660743,-0.001144345619054521
2024-05-06,-0.03229920479210191,-0.008509709797076215,0.0,-0.002700489768937109,0.0,0.0,0.0
2024-05-07,-0.03697387861569301,-0.008844689344884582,0.0,-0.001515504341816576,-0.00011560402653210122,0.0,0.0
2024-05-08,-0.03820912187038228,-0.009692894438417587,-0.010539031908689545,0.0,-0.0026960294366716875,-0.002032526714244698,-0.003265616783858727
2024-05-09,-0.022965899265110057,-0.009259572271069216,-0.015496125968507801,0.0,0.0,0.0,0.0
2024-05-10,-0.019743438371788602,-0.010461196153574326,-0.029909189369324185,0.0,-0.0013358312031001018,-0.0013411368837372706,-0.0024739338979500314
2024-05-13,-0.027210644267588457,-0.00815321780124345,-0.04303090893943173,0.0,-0.004490087665361742,-0.00221301158103282,-0.005440339256755911
2024-05-14,-0.019379282243458085,-0.00840214755695412,-0.02968007998000488,0.0,0.0,0.0,0.0
2024-05-15,-0.00800862745223807,-0.011656673622358338,-0.03442889277680572,0.0,0.0,0.0,0.0
2024-05-16,-0.01078792477528967,-0.008226974765898398,-0.023452470215779564,-0.0017131219257546793,0.0,0.0,0.0
2024-05-17,0.0,-0.010467342567295423,0.0,-0.0002702027071735946,0.0,0.0,0.0
2024-05-20,0.0,-0.012495659095309142,0.0,0.0,0.0,0.0,0.0
2024-05-21,-0.002643871152560706,-0.012806052988232453,0.0,0.0,0.0,0.0,0.0
2024-05-22,-0.018732692491326364,-0.01085456663173412,-0.0038700621616202246,0.0,-0.005428920575472285,-0.0024203365610615535,-0.004135082344565499
2024-05-23,-0.03861126141897697,-0.011702771725267347,-0.020372969721275225,0.0,-0.015335085939024329,-0.008669855556574846,-0.013135932757984192
2024-05-24,-0.03799853582455337,-0.0104181712575252,-0.03547222779225978,-0.001165199849980425,-0.017938957475562067,-0.010364433422869967,-0.017572859574654154
2024-05-27,-0.033838367762676236,-0.012633953404037168,-0.03306597152596735,0.0,-0.016342703861233376,-0.009964444008927376,-0.01574937978543367
2024-05-28,-0.026493618104847738,-0.00939786657979691,-0.03172247844395415,0.0,-0.012317193959296868,-0.006461579952652063,-0.012543584993513934
2024-05-29,-0.03461064073590714,-0.010965202078716763,-0.04676158010828124,0.0,-0.01853290203102531,-0.011014355276235954,-0.019176337929105447
2024-05-30,-0.03300482223000267,-0.010298316189960799,-0.04708241427712012,-0.0007748927490364155,-0.0179431171670279,-0.010516798767426394,-0.01892523900041221
2024-05-31,-0.04177953019066083,-0.009437818268985265,-0.05518347704030424,-0.0040141985032049465,-0.02295324964643286,-0.013625345031059166,-0.02427750401870854
2024-06-03,-0.03229421968997648,-0.011416963487228982,-0.0439542811309398,-0.0017385181582598719,-0.017496495793713374,-0.010561407679727575,-0.0182164629267465
2024-06-04,-0.02751973453862533,0.0,-0.07082414277120441,0.0,-0.01676145398383344,-0.006661105555686664,-0.021410993811917467
2024-06-05,-0.027505411083171283,-0.010566547452762087,-0.06621215159414406,0.0,-0.017976831615486688,-0.010236918619527136,-0.02049166521656176
2024-06-06,-0.018062673075086466,-0.01051742927750221,-0.08054942851413605,-0.003745600939903171,-0.018192181364559135,-0.011125864802889796,-0.023533221207244215
2024-06-07,-0.050588455294903745,-0.010176671936637516,-0.08911169039502631,-0.0017587258130286054,-0.03100815095262799,-0.018592192933456153,-0.033793222419532976
2024-06-10,-0.04287447878537076,-0.007278699596310001,-0.10509324243031792,-0.0021485557429848923,-0.030858439913045266,-0.018201047939441106,-0.0364448118765881
2024-06-11,-0.04173894706687442,-0.007748392147231775,-0.09953880088229305,-0.005910324744499151,-0.029938566257877386,-0.017841473825574217,-0.03536416258998265
2024-06-12,-0.03993419167966372,-0.008230364241968546,-0.0845598556246232,-0.00749299833109629,-0.02644479865107452,-0.015493913749815236,-0.03057368675194605
2024-06-13,-0.042835487156634766,-0.009077652765199784,-0.07754160818127043,-0.009099025784464976,-0.026467584407821043,-0.01561628659492953,-0.029634252133005523
2024-06-14,-0.021463300124136442,0.0,-0.07501503910166352,-0.006785196522788417,-0.014831880502826134,-0.0051570981376495295,-0.020758386560999043
2024-06-20,-0.008064105420631962,0.0,-0.05205534389412381,-0.003393496487038905,-0.0030963065758492503,0.0,-0.00820558479416822
2024-06-21,-0.024690852086449944,0.0,-0.047663926208140195,-0.002434191498114191,-0.007638380470101236,-0.0021137952489935774,-0.010586227717405916
2024-06-24,-0.017940525829964415,0.0,-0.05003007820332772,-0.002619225980996731,-0.0049871642825333184,0.0,-0.00914710891559789
2024-06-25,-0.021969395550179516,0.0,-0.06208141167034198,0.0,-0.00771246205322762,-0.0014668052274590115,-0.011929714176829309
2024-06-26,-0.03436952923576364,-0.0025121048826570735,-0.07637858431922917,0.0,-0.01577947200278651,-0.0074262050647617706,-0.019895084967710197
2024-06-27,-0.02076702103956407,-0.003538817640018732,-0.06176057750150299,0.0,-0.007932756216027737,-0.0025999963396100556,-0.011688465833535777
2024-06-28,-0.026228236305184782,-0.00826534145793223,-0.07270904351313323,0.0,-0.013265857518723778,-0.007491639570111119,-0.016915250442519403
2024-07-01,-0.0257424324410348,-0.008836412459068299,-0.03481050731902868,0.0,-0.004462568613733731,-0.0008536102839048487,-0.0036303174582570374
2024-07-02,-0.02948642454721917,-0.011348517341725373,-0.024243031882894672,0.0,-0.0036736939661687895,-0.0005393604459371648,-0.0006441434297107529
2024-07-03,-0.017683101505553744,-0.011737331640371163,0.0,0.0,0.0,0.0,0.0
2024-07-04,-0.01599372950950073,-0.012381305322503144,0.0,0.0,0.0,0.0,0.0
2024-07-05,-0.0008192220772189618,-0.00867541903853497,-0.005303000433702687,0.0,0.0,0.0,0.0
2024-07-08,-0.01141499824935488,-0.007475562413807535,-0.004317312620746638,0.0,-0.0027024145770055963,-0.0009192207829901156,-0.0013653416204458813
2024-07-09,-0.004207515039627685,-0.0031469657296646636,-0.014923313488151901,-0.0010199230735985498,-0.0011299547134138166,0.0,-0.002119970830194551
2024-07-10,-0.001868813062990804,-0.0019501467166453956,-0.021862555691361085,0.0,-0.0008943624850201726,0.0,-0.0026340090233645252
2024-07-11,0.0,-0.003623870767847426,0.0,-0.003146634188249342,0.0,0.0,0.0
2024-07-12,-6.090821171567118e-05,0.0,0.0,-0.0045802158825668515,0.0,0.0,0.0
2024-07-16,0.0,0.0,0.0,-0.0005192636461965883,0.0,0.0,0.0
2024-07-17,-0.0009831255536754124,-8.773761008828984e-05,-0.0006265909535930758,-0.0020063243206873693,-0.000718908405363039,-0.0005576575466496037,-0.0008232645095670454
2024-07-18,-0.00906931416505441,-0.00013009369771688206,-0.003622478950459973,-0.0019062668739117106,-0.004146616010979098,-0.002631135913185756,-0.003727145643222074
2024-07-19,-0.027861579888103782,0.0,-0.0033091834736633796,-0.0042403655892084835,-0.010988143120147842,-0.00662478262325894,-0.008902243472867277
2024-07-22,-0.03261246357611347,-0.00442899539856445,-0.0047777560211471615,-0.002856812618278415,-0.01407923753564888,-0.009808060612948144,-0.011084872206772567
2024-07-23,-0.03004138813667212,-0.006117096103754882,-0.01858233796749531,-0.0024531325743912813,-0.016338884553428246,-0.01212130500224018,-0.014778204389642613
2024-07-24,-0.032535811816498006,-0.008340669613279839,-0.02798120227139178,-0.0026204700284812033,-0.01979329883180092,-0.015178445369673388,-0.018724368821678383
2024-07-25,-0.040028235304885085,-0.003234013716574613,-0.04186410808693919,-0.0005968944238669005,-0.02343754222978367,-0.015978242252099872,-0.023320387686124433
2024-07-26,-0.03587721837247315,-0.004559082012046467,-0.04380262384961775,0.0,-0.022646597665985757,-0.015981588818908432,-0.02295436543770535
2024-07-29,-0.03479837345728787,-0.0002752995773697142,-0.05514000391619289,0.0,-0.023233950895933275,-0.015307825968772226,-0.025172648012206644
2024-07-30,-0.0215399071560326,0.0,-0.056647738398276304,0.0,-0.01838041678457436,-0.01216503072579711,-0.021808544309834033
2024-07-31,-0.004923636161172862,0.0,-0.05799882514196131,0.0,-0.012245417476257625,-0.008074236350203323,-0.01764827946087999
2024-08-01,-0.0050868548333888874,-0.0016535858370976264,-0.0480712747209705,-0.003048785736296522,-0.01116189540828727,-0.007812465033767646,-0.01565634901480739
2024-08-02,-0.005636764472023437,0.0,-0.08155472880360204,-0.0006076913410010265,-0.01720483777651105,-0.01155262498584353,-0.02508480514073197
2024-08-05,-0.015231581745287603,0.0,-0.13348345408263096,0.0,-0.029012952678541426,-0.018269091863007403,-0.04101675702363572
2024-08-06,-0.017091816986105735,0.0,-0.13710593303309115,-0.001226553691618948,-0.028505585859383453,-0.015830394215071708,-0.04155749557635391
2024-08-07,-0.0195416224774988,-0.004179376578809513,-0.12285098883884804,-0.007164576856059202,-0.028227706750888704,-0.016816510590316414,-0.03963038240368655
2024-08-08,-0.002583660056691195,-0.0021954387302799416,-0.12114744468376692,-0.009231610236085652,-0.02169020770689567,-0.012456729879727013,-0.03503540263947025
2024-08-09,-0.0017900664658461185,-0.0025529050092942818,-0.1433130996671229,-0.007085995421777236,-0.02613993598454578,-0.015891726414876794,-0.0416914154708562
2024-08-12,0.0,-0.005945855774272091,-0.15079302917564052,-0.007070620793330762,-0.022112873770614883,-0.01497214468330521,-0.0401270355162584
2024-08-13,-0.005123718929773813,-0.0011766598350890778,-0.13810456236538005,-0.00582015101301725,-0.01935207262007299,-0.011224846718032366,-0.035830718242475634
2024-08-14,-0.008390670455631133,0.0,-0.15038182886234486,-0.004907923058526165,-0.02253166211622848,-0.012831979213832612,-0.040123907622215516
2024-08-15,-0.002165853987498245,0.0,-0.13467789308791756,-0.00812805357203883,-0.017201461368364312,-0.009261362240523652,-0.034042911998957814
2024-08-16,0.0,0.0,-0.1522616017231242,-0.010572619495028968,-0.014138016496697547,-0.007801117784574818,-0.0353410643570925
2024-08-19,0.0,-0.0027983079445803583,-0.12757000195809576,-0.006430011274727643,-0.008470964780289747,-0.004155087242625033,-0.026349424013690448
2024-08-20,0.0,0.0,-0.13332680634423255,-0.006303597663056548,-0.004454292120163461,0.0,-0.024643545722317084
2024-08-21,0.0,-0.0007738314996678097,-0.1393773252398659,-0.003941029758447567,-0.005503028772251839,-0.0009527081783388125,-0.026105417412870757
2024-08-22,-0.009212677765317534,-0.004356494129808874,-0.1401801448991572,-0.003420000683317048,-0.009886942414972677,-0.004645902201619867,-0.029192015571326557
2024-08-23,0.0,0.0,-0.16389269629919634,-0.000987392804674081,-0.009056324645251634,-0.0025791448559627783,-0.03258137057328758
2024-08-26,0.0,0.0,-0.1739377325239858,0.0,-0.009683368730407427,-0.0029499573107109045,-0.034162944933979644
2024-08-27,0.0,0.0,-0.15237908752692297,0.0,-0.002793319947506978,0.0,-0.02539283973683948
2024-08-28,-0.0038566954860487224,0.0,-0.15420011748580287,-0.00128104797550177,-0.0044902522569764125,-0.0008357644452533508,-0.02709738815265106
2024-08-29,-0.001081857538538733,0.0,-0.14889367534756126,-0.0012419190200747554,-0.0019294478633856693,0.0,-0.024360756885125623
2024-09-02,-0.014727011884150487,-0.005562176028929167,-0.07286077932249746,0.0,0.0,0.0,-0.001762999971156698
2024-09-03,-0.013869847834385274,-0.0028148426447193176,-0.08453103583316901,0.0,-0.0009401514328747362,0.0,-0.004025146452162787
2024-09-04,-0.011203195640729136,-0.0024567500454953928,-0.08801644801253061,0.0,-0.00036186954513650615,0.0,-0.003942977512802148
2024-09-05,-0.0047869482390869855,-0.0043998426740713414,-0.09931466614450635,-0.0076364502414577595,-0.002297593362632133,-0.0026799107881100293,-0.008318694110559743
2024-09-06,-0.012192787737018262,-0.0034899352498138914,-0.11439201096534046,-0.006242937423673545,-0.007752700019707182,-0.006002653509405098,-0.014614361124379416
2024-09-09,-0.005509151465482809,-0.0009774166847671406,-0.12592520070491364,-0.005229473556194075,-0.007084981381200506,-0.005194111785480016,-0.01604919796365989
2024-09-10,-0.002304465104666975,-0.001678925957017352,-0.13569610338750626,-0.004971040269986737,-0.008355465124133099,-0.006531554733000933,-0.01863054476628523
2024-09-11,-0.006230269216087492,-0.0029821482033732805,-0.1549637752104942,-0.0020303059478503638,-0.014091193110599032,-0.010843479222971797,-0.025690276979357884
2024-09-12,0.0,-0.004719777865181185,-0.14462502447620784,-0.00273128512285703,-0.0062084629829908256,-0.006503107685285725,-0.018326304467375043
2024-09-13,0.0,-0.005670777882792355,-0.12876444096338235,-0.0021147612701405416,-0.0005345968066444717,-0.0028763704955044878,-0.011362478389079333
2024-09-16,0.0,-0.002685694494179769,-0.14200117485803676,-0.0005506487013307027,-0.0006653306331917408,-0.0024079061470149155,-0.013636227174440352
2024-09-17,-0.0025074439742983623,0.0,-0.12308596044644471,-0.0004949081886190809,0.0,0.0,-0.007127372445111635
2024-09-18,-0.008177493638528044,-0.00031690605789425064,-0.11815155668689903,0.0,-0.0008065740093584628,-0.0002986602930219462,-0.006672654264340938
2024-09-19,0.0,-0.001590398920171876,-0.10426865087135173,-0.00141642102988504,0.0,0.0,0.0
2024-09-20,0.0,0.0,-0.1100058742901886,0.0,0.0,0.0,0.0
2024-09-23,0.0,0.0,-0.10894850205600015,0.0,0.0,0.0,0.0
2024-09-24,0.0,-0.00015240819604356304,-0.09234384178578292,0.0,0.0,0.0,0.0
2024-09-25,0.0,-0.00036636585587424,-0.10395535539455514,0.0,-0.0012568081149433308,-0.0008357588988049391,-0.001994711228606283
2024-09-26,0.0,0.0,-0.11541022126492917,0.0,-0.0012771692294786252,-0.0009416085996843959,-0.003938241265539433
2024-09-27,-0.005797198168431161,0.0,-0.11821029958879825,-0.0019690272839052447,-0.004040402033216428,-0.0025518833982486333,-0.0066914070412996685
2024-09-30,-0.013051016433452856,-2.9272719289208382e-05,-0.1267280203642046,0.0,-0.008209404430197131,-0.0051595851012051774,-0.010876930282658903
2024-10-01,-0.004239111781802363,0.0,-0.15676522420207417,0.0,-0.011087087640188509,-0.007404269483012094,-0.017862505397426065
2024-10-02,-0.0029527371382962464,-0.0006957904676706539,-0.1859212845114535,-0.0006460173033250305,-0.017780822352241987,-0.012737381420553029,-0.028028250151654888
2024-10-03,-0.004602075087778323,-0.0029293363386805327,-0.20659878598002612,-0.003988742734375883,-0.024490574746927618,-0.018424122609985383,-0.037083878942107074
2024-10-04,-0.004909538376048794,0.0,-0.1870765615821408,-0.007947669285521486,-0.0191370987432814,-0.013367737050400397,-0.030191155507006795
2024-10-07,-0.008396505746124272,-0.0004379562043794749,-0.19988251419619996,-0.010959103791790215,-0.024005879878155945,-0.017055858011793434,-0.03644488336717944
2024-10-08,-0.016344584968824183,-0.00027153284671543876,-0.1951635010769519,-0.014149435397441401,-0.02601614135010144,-0.018155767823439972,-0.03741575795725505
2024-10-09,-0.021604488487320772,-0.0012058394160584518,-0.185882122576854,-0.01788805348360689,-0.026419725825393203,-0.018524726735829833,-0.03646492252195055
2024-10-10,-0.01211636889601897,-0.002864233576642339,-0.20383786959075634,-0.015085332259950679,-0.027477983186098065,-0.0202628466532494,-0.04013682739937652
2024-10-11,-0.0027147339948839777,-0.00016934306569349467,-0.21423536322694203,-0.009743266097840042,-0.025198975137870394,-0.018196228010063376,-0.039793312366478206
2024-10-14,-0.00599468289400884,0.0,-0.22827491678088752,-0.0046082567637182326,-0.028937817531794696,-0.02052763815148373,-0.044413708033051336
2024-10-15,-0.002798494757801473,-0.0025600681906420286,-0.2121989426277644,-0.006549621582941145,-0.02482917305080712,-0.018377511564105165,-0.03862894232533465
2024-10-16,0.0,-0.002846141945126446,-0.2024280399451719,-0.010745421145305967,-0.02204988778157657,-0.01670304997711436,-0.035374221057059674
2024-10-17,0.0,-0.003864914805484343,-0.20479733698844593,-0.00882393378156987,-0.019858844774353623,-0.015755809860216297,-0.033999071407405435
2024-10-18,0.0,-0.00793708712697283,-0.22802036420599048,-0.007182387249275002,-0.02238817703630347,-0.019450994286288825,-0.039927866457726835
2024-10-21,-0.00037763367798515635,-0.004813628787193158,-0.24319561386332345,-0.006458516578626283,-0.02533058025463142,-0.02076549215641954,-0.04490076678051136
2024-10-22,0.0,-0.0006188534280684443,-0.22602310554141225,-0.0063226872994656125,-0.016400865886314953,-0.013480543468778916,-0.03528373055394485
2024-10-23,-0.008661301492695062,-0.00012260303763622638,-0.23614646563540098,-0.006789807503408296,-0.021878466018820597,-0.016949585256237243,-0.04117567445766379
2024-10-24,-0.0036214097878887186,-0.0011326185381629328,-0.2244370471901298,-0.007477236172331092,-0.017537177939986992,-0.014288166435285188,-0.035907181971096214
2024-10-25,0.0,0.0,-0.22341883689054087,-0.008956450151482942,-0.015028761753747344,-0.01228682362288791,-0.03418132280587827
2024-10-28,-0.001800794751630086,-1.4584615564028347e-05,-0.2208145682396695,-0.006256429114509299,-0.014590734466809363,-0.011749272787832887,-0.03298946259909552
2024-10-30,0.0,-0.0022839507973410056,-0.2143528490307406,-0.005229427247684937,-0.008320504590384914,-0.008534499081754632,-0.02716005040057401
2024-10-31,-0.013480264844069723,-0.0008371569333806006,-0.2352065792050111,-0.005068751149165718,-0.017808406743752725,-0.014412182995838907,-0.037863895682635706
2024-11-01,-0.01649038945339354,0.0,-0.1924025846876818,-0.007434168352109416,-0.007800425967542712,-0.006400355640067024,-0.02274537731188031
2024-11-04,-0.01581267990973856,0.0,-0.21766203250440386,-0.004763963498366275,-0.013092328318982882,-0.01006492416895255,-0.030908907917762685
2024-11-05,-0.014158300053050854,-0.0006378572656019488,-0.22016839631877638,-0.007087969335712319,-0.01367857856993071,-0.010870294508222078,-0.03212242240558716
2024-11-06,-0.04597515108428618,-0.004296070624488446,-0.20048952418249277,-0.00867982222928998,-0.021162312350101464,-0.015559065583041987,-0.03370096361887687
2024-11-07,-0.026215081756651548,-0.00337860469451301,-0.19520266301155087,-0.007369566621776902,-0.012307234127128752,-0.009855875256463031,-0.026283087832157048
2024-11-08,-0.034123864201466625,0.0,-0.16794595653025068,-0.0041957995623649325,-0.006613060113745406,-0.003723880288109438,-0.016709223389069106
2024-11-11,-0.05671559353971134,-0.0016088583215505547,-0.16205208537301563,0.0,-0.012550673649099897,-0.006856776147430965,-0.01859589637290371
2024-11-12,-0.06453677201180053,-0.0007476972669774318,-0.1686312903857432,0.0,-0.015892425588116876,-0.008421397133755892,-0.02141607112365529
2024-11-13,-0.0751010295257949,-0.0006429614630428793,-0.16189543763461733,-0.0011006694235344838,-0.01831904585926014,-0.009567651982382186,-0.022049054667836354
2024-11-14,-0.07414324780167703,-0.0015710370590186207,-0.1517524965733288,-0.0013188348979459308,-0.015892793466370736,-0.008056896926641799,-0.01848029294046638
2024-11-15,-0.07592496280087757,0.0,-0.1592128451145466,0.0,-0.017029574467365194,-0.00790036812017747,-0.02031317705867297
2024-11-18,-0.05415618974173708,0.0,-0.15901703544154877,0.0,-0.00744028661743712,-0.0011650753524670154,-0.012935473970340894
2024-11-19,-0.04809197570406343,-0.0063184242469892515,-0.17391815155668477,-0.0024931674485010324,-0.010982969287334443,-0.006068060462461222,-0.01846276426004534
2024-11-20,-0.042226743180648896,-0.002219125618153961,-0.1982377129430174,-0.0037984907199672957,-0.013643489306851997,-0.007377309907349638,-0.02513091641915144
2024-11-21,-0.03491881326252444,-0.0017845709931889608,-0.16665361268846468,-0.004477258821129704,-0.003210139378923005,0.0,-0.011831459258579424
2024-11-22,-0.01661511927329684,0.0,-0.14946152339925378,0.0,0.0,0.0,0.0
2024-11-25,-0.05383117574626961,0.0,-0.14082631682004876,0.0,-0.009528049440760133,-0.004348531527363475,-0.003619184997234237
2024-11-26,-0.045056123533976256,0.0,-0.14290189935382602,0.0,-0.0050090603181801585,-0.0007058594583089217,0.0
2024-11-27,-0.0435079105736037,0.0,-0.1410417074603466,-0.000693980280725981,-0.004011781730579256,0.0,0.0
2024-11-28,-0.04208279910650414,-0.00017619567540727576,-0.14323477579792254,0.0,-0.0038984798609434934,-1.731260456871997e-05,-0.00016908363804202242
2024-11-29,-0.03586584803088033,0.0,-0.1433130996671217,0.0,-0.0003033866808276331,0.0,0.0
2024-12-02,-0.03857961719343517,0.0,-0.14274525161542795,0.0,-0.0007603620693382718,-9.820084421630071e-06,0.0
2024-12-03,-0.03825004388340214,0.0,-0.1261405913452105,-0.00032393138371100694,0.0,0.0,0.0
2024-12-04,-0.03585575240577088,-0.002509572969219387,-0.12285098883884649,0.0,0.0,0.0,0.0
2024-12-05,-0.041089519861839396,-0.0008442076693239153,-0.12339925592324053,0.0,-0.0012190639606779463,-3.9639074743580416e-05,-0.0007023355999217218
2024-12-06,-0.04184669174506761,0.0,-0.11313882905815331,-0.007522248569791334,0.0,0.0,0.0
2024-12-09,-0.029669088205476202,0.0,-0.09598590170354204,-0.004639669730231111,0.0,0.0,0.0
2024-12-10,-0.01595662398388309,0.0,-0.1124339142353612,-0.0035315943937719307,0.0,0.0,-0.0015172179557848553
2024-12-11,-0.006972494632220827,0.0,-0.11564519287252595,-0.004728315757147716,0.0,0.0,-0.00047557885724813787
2024-12-12,-0.018891194237546816,0.0,-0.12292931270804575,-0.009803300798130632,-0.006474451101571188,-0.004169875362870945,-0.007126393921603635
2024-12-13,-0.03044026369772712,0.0,-0.11728999412570784,-0.011140906025713382,-0.009032470435994644,-0.0049889036443688806,-0.008162613799344465
2024-12-16,-0.029290013765872702,0.0,-0.13146661445075203,-0.00949462266868839,-0.011326740772416577,-0.006516740609128879,-0.012081046170927534
2024-12-17,-0.029439819815887613,0.0,-0.12903857450557887,-0.00824408050325598,-0.010438155830412299,-0.005604397861187382,-0.010844259385941135
2024-12-18,-0.05009351479839441,0.0,-0.13859408654787375,-0.007786603685774884,-0.019424127680868875,-0.010588240916755698,-0.01892353875930275
2024-12-19,-0.04528441492758595,0.0,-0.1570001958096714,0.0,-0.020392316255538723,-0.011058929542492435,-0.021793127406027235
2024-12-20,-0.03330611856757981,0.0,-0.1616213040924206,-0.002636643328311039,-0.01678689043023851,-0.008494300509217956,-0.020468987322112553
2024-12-23,-0.034656652674997845,0.0,-0.17149011161151206,-0.0019007254725699196,-0.019428269493106942,-0.010336155326896801,-0.024059431564056433
2024-12-24,-0.03816309124132766,-0.0021811956478463568,-0.16796553749755094,-0.0010730157122416095,-0.020360260053716606,-0.011379807926655494,-0.023923546102208038
2024-12-25,-0.03565025758498874,0.0,-0.14149206970824213,-0.004409176658267899,-0.012858539190594653,-0.005189100114085798,-0.014210972663774024
2024-12-26,-0.028586902326780184,-0.0016737471760842615,-0.14235363226943265,0.0,-0.009199908176999338,-0.002878108893613285,-0.010000439043265752
2024-12-27,-0.03902643002087092,-0.0034185362526816254,-0.1366359898178957,0.0,-0.01114186203881884,-0.003905992167035466,-0.009388918863318385
2024-12-30,-0.03569747905727583,0.0,-0.151517524965732,0.0,-0.010750446841179873,-0.0017955702647713956,-0.011361659887178188
2024-12-31,-0.02831106379555659,0.0,-0.15496377521049398,0.0,-0.008487669502683315,-0.0003281698951617118,-0.01017377812812248
2025-01-02,-0.014507413282650039,0.0,-0.09817897004111853,0.0,0.0,0.0,0.0
2025-01-03,-0.022449413590729606,-0.00028290463850444425,-0.08400234971607445,0.0,0.0,0.0,0.0
2025-01-06,-0.02484435639901328,-0.001553146465389288,-0.08392402584687542,0.0,-9.507994164725808e-05,0.0,0.0
2025-01-07,-0.019492372429563254,-0.0008204234516627773,-0.09543763461914889,0.0,-0.0002968834431243961,-0.0002498808860537105,-0.0019670294124722876
2025-01-08,-0.014245252695123889,-0.0019661872376057765,-0.09833561777951683,0.0,0.0,-8.331513892612108e-05,-0.0015700263581077678
2025-01-09,-0.010719925539878772,-0.0005233735812332219,-0.09159976502839073,0.0,0.0,0.0,0.0
2025-01-10,-0.0022995228677296087,0.0,-0.10514979439984173,0.0,0.0,0.0,-0.001433565645000412
2025-01-13,-0.008661395013476403,0.0,-0.11650675543371669,0.0,-0.002853278812426918,-0.0007778419366604172,-0.0043628393690128275
2025-01-14,-0.005945020528312583,0.0,-0.11846485216369496,0.0,-0.002335711306061694,-0.0005580374046814107,-0.004339046473191388
2025-01-15,0.0,-0.0006709687604837811,-0.11650675543371647,-0.00017323268765245814,0.0,0.0,-0.002098530712028257
2025-01-16,0.0,-0.0011953393043914184,-0.11141570393577249,0.0,0.0,0.0,0.0
2025-01-17,-0.007204369933470511,-0.0011389553749389103,-0.10193851576267676,0.0,-4.571185085189278e-05,0.0,0.0
2025-01-20,-0.0006990372365437425,0.0,-0.09684746426473279,0.0,0.0,0.0,0.0
2025-01-21,0.0,-0.003214620193889739,-0.09998041903269828,0.0,0.0,0.0,0.0
2025-01-22,0.0,0.0,-0.08870178186802236,0.0,0.0,0.0,0.0
2025-01-23,0.0,-0.0005022728548178534,-0.09363618562756815,0.0,-0.0005243560188407104,-0.0004531463298975691,-0.0007629118112038036
2025-01-24,0.0,0.0,-0.09661249265713523,0.0,0.0,0.0,0.0
2025-01-27,-0.008466842186228285,0.0,-0.10522811826904055,0.0,-0.002506638336918332,-0.00023739341739581477,-0.0018211004471803127
2025-01-28,-0.0007990554786733162,-0.001295521636330621,-0.09089485020559829,0.0,0.0,0.0,0.0
2025-01-29,-0.00018403443111147944,0.0,-0.09285294693557677,-0.007130470810993161,-0.0003939646834081323,0.0,-0.0016809339731539419
2025-01-30,0.0,-0.0008519981451582392,-0.09598590170354226,-0.0054847546709509976,0.0,0.0,0.0
2025-01-31,-0.0014845548599784486,-0.002807403724209623,-0.10554141374583703,-0.004493848121840949,-0.0030712787589071144,-0.0027115055383089004,-0.0036844880164167426
2025-02-03,0.0,0.0,-0.12770706872919313,0.0,-0.00138644266646748,-0.0001054392438329943,-0.005801444545176615
2025-02-04,0.0,-0.0002921487120415289,-0.12653221069120624,-0.0038835542125914557,0.0,0.0,-0.003998026179964476
2025-02-05,0.0,-0.001722286216702007,-0.13264147248873903,-0.008820202014349077,0.0,-0.0008749765984145119,-0.005574032428341424
2025-02-06,-0.002033706597007412,-0.002173029943851823,-0.12410417074603275,-0.009932686026012605,0.0,-0.0001999959842297061,-0.0035120546628034655
2025-02-07,-0.001171516398513428,0.0,-0.1152535735265301,-0.011530433245888982,0.0,0.0,0.0
2025-02-10,0.0,0.0,-0.1283336596827862,-0.008766605779412018,0.0,0.0,0.0
2025-02-11,-0.006696126190877338,0.0,-0.12402584687683349,-0.010167350622222737,-0.0013279943019325335,-0.00041120341446343467,-0.0003852277364636558
2025-02-12,-0.0033780845985250663,0.0,-0.13342471118072996,-0.01205770431391695,-0.001994051454826673,-0.0006450959294586056,-0.0028479683371903652
2025-02-13,0.0,0.0,-0.12355590366163838,-0.017705588638756597,0.0,0.0,0.0
2025-02-14,-0.015764542500279366,0.0,-0.1275504209907945,-0.016871225630008868,-0.005540107202990363,-0.0024398101263440886,-0.004588343642641712
2025-02-17,-0.009687525921774798,-4.4183028194422214e-05,-0.1333463873115307,-0.011239275320961362,-0.0038710124748203567,-0.0013668643123642132,-0.0036189086259924563
2025-02-18,0.0,0.0,-0.12402584687683316,-0.010491825125624743,0.0,0.0,0.0
2025-02-19,0.0,0.0,-0.14000391619345742,-0.009893575259977583,-0.0031770584108724576,-0.0023346890923594543,-0.005053355219766353
2025-02-20,0.0,-0.00041361966844244424,-0.13953397297826242,-0.007267359748068469,-0.0012996108886061952,-0.0012069541685264529,-0.003246522286565301
2025-02-21,-0.0007647225803226743,0.0,-0.15856667319365303,-0.006672006976201517,-0.004804151021654879,-0.002765238454255692,-0.009175908917809172
2025-02-24,0.0,0.0,-0.1611513608772246,-0.005048185912301828,-0.0027431644073112604,-0.0012159681256437294,-0.007973275611485309
2025-02-25,-0.010959163847823916,-0.00014001872407232163,-0.1694536910123332,-0.004349986311231624,-0.008479296067403497,-0.004852715223597537,-0.013490478716015386
2025-02-26,-0.011129985290857403,0.0,-0.15668690033287347,-0.000493954489553583,-0.004683021282846367,-0.0016264145831585974,-0.007874800131734694
2025-02-27,-0.02331409207535895,-0.0010480972370841002,-0.14509496769140096,0.0,-0.006232803075488236,-0.00223122128245401,-0.006517377381082379
2025-02-28,-0.029508175872670406,-0.0014678848739264616,-0.15613863324847943,0.0,-0.01056964260634452,-0.005075754458894299,-0.011090130427209965
2025-03-03,-0.020385270277964662,-0.00014816034241504905,-0.08979831603680877,0.0,0.0,0.0,0.0
2025-03-04,-0.011903450911090907,-0.00018108486295187465,-0.09269629919717692,0.0,0.0,0.0,0.0
2025-03-05,-0.01090280144276179,-0.0006283096002412947,-0.06269825729390677,-0.0022923416578261024,0.0,0.0,0.0
2025-03-06,-0.012580377847782653,-0.0016901253875489797,-0.03990601135695748,-0.0018407546520631257,0.0,0.0,0.0
2025-03-07,-0.01403510597432811,0.0,-0.039357744272563444,-0.0007053358947157751,0.0,0.0,0.0
2025-03-10,-0.01969735989823551,0.0,-0.05047973369884129,0.0,-0.0034447808602862118,-0.0017254591705910816,-0.0038596098079545227
2025-03-11,-0.007705174328918818,0.0,-0.050244762091243955,0.0,0.0,0.0,-0.0005303627926523946
2025-03-12,-0.0007408043290951793,-0.0034106356035349394,-0.03277853925983587,-0.00013154169728823994,0.0,0.0,0.0
2025-03-13,0.0,-0.0040725231865783584,-0.027530840023493597,0.0,0.0,0.0,0.0
2025-03-14,-0.004699355655651161,-0.0013347154567160402,-0.02196984531035473,0.0,0.0,0.0,0.0
2025-03-17,0.0,-0.002653020477488832,-0.020090072449575502,0.0,0.0,0.0,0.0
2025-03-18,0.0,0.0,-0.029018993538277194,0.0,0.0,0.0,0.0
2025-03-19,0.0,0.0,-0.1260622674760099,-0.0017248635731355044,0.0,0.0,-0.014990497280056525
2025-03-20,-0.0016677986587303462,-0.00504648074369185,-0.13021343254356432,-0.01959981453079862,-0.0057335402037936856,-0.006255168794267241,-0.02220834293286389
2025-03-21,-0.012505672259718104,-0.007171314741035717,-0.21096534168787628,-0.03513928023682966,-0.030973995921269926,-0.025675605702086268,-0.056387995968403826
2025-03-24,-0.012401015545815297,0.0,-0.1764245153710562,-0.044294325355779596,-0.01942826220969507,-0.013262148254608253,-0.043349453523519155
2025-03-25,-0.00878204004917238,-2.6352961017828136e-06,-0.1399255923242574,-0.06807147697685167,-0.013139453189889627,-0.0096631811931005,-0.03570478189542492
2025-03-26,-0.008483902589824233,0.0,-0.14462502447620573,-0.053395156400470545,-0.011419215848590958,-0.0074677690263962315,-0.03317958855323966
2025-03-27,0.0,-0.00212408107830675,-0.1553553945564876,-0.05352641152762405,-0.01063977704778063,-0.008166819952103443,-0.03453080880665593
2025-03-28,0.0,-0.0030795227529354374,-0.1468964166829807,-0.05632414309662204,-0.006487417521376826,-0.0059338639573846,-0.03051153449230304
2025-04-02,0.0,-0.0019766851174825018,-0.1599765028392368,-0.05997503299211726,-0.0012489936700157411,-0.0033690549707051654,-0.029747281527141678
2025-04-03,-0.013445394260158783,-0.00143711061803653,-0.17000195809672658,-0.054861789777793324,-0.00735607645245917,-0.006750669270506271,-0.03505822225263577
2025-04-04,-0.039066845133812644,-5.790555603812919e-05,-0.1821421578225929,-0.05020223276384739,-0.018137398383317183,-0.012668493853713825,-0.04410160704439825
2025-04-07,-0.0560816686660891,-0.0010633565745178375,-0.1826121010377878,-0.04272782394692698,-0.0234722990199403,-0.01558096039516288,-0.0468094328969364
2025-04-08,-0.05757093848867445,-0.0012633939499220315,-0.17383982768748418,-0.049236366230338224,-0.022970100094392487,-0.015409397001570069,-0.045774865236656415
2025-04-09,-0.02380992471791543,-0.0005869517725679563,-0.19310749951047224,-0.04969433248921029,-0.015149233857144506,-0.011537215669569001,-0.043890936602308694
2025-04-10,0.0,-0.0025373161827600965,-0.18699823771293944,-0.04985982808431677,-0.00252544527519738,-0.004674759082356261,-0.03399666433968185
2025-04-11,0.0,-0.0034874937159307118,-0.18590170354415148,-0.04956593073438642,0.0,-0.0016097020728765843,-0.029721872394094406
2025-04-14,-0.00773979074946296,0.0,-0.1804973565694108,-0.05140064914220466,-0.00036257072102452437,-0.00027322985782685105,-0.029288995284783015
2025-04-15,0.0,0.0,-0.18621499902094785,-0.05710596711488358,0.0,0.0,-0.02912839054273142
2025-04-16,0.0,0.0,-0.19710201683962814,-0.05894211220886669,0.0,0.0,-0.025604371337637932
2025-04-17,-0.011286542779218256,-0.013653613644171947,-0.19342079498726872,-0.06100224703070933,-0.007457765717700737,-0.008724752956878912,-0.03020758693139136
2025-04-21,0.0,0.0,-0.20101821029958522,-0.049015229874808,0.0,0.0,-0.017390353055992347
2025-04-22,-0.023890259851699125,0.0,-0.19765028392402217,-0.041640689089417426,-0.005622044456724207,-0.0017604048090894553,-0.01963115478138433
2025-04-24,-0.017108905734964264,0.0,-0.18386528294497373,-0.04565395727074906,0.0,0.0,-0.013476406702323418
2025-04-25,-0.029535628265899505,0.0,-0.1891129821813159,-0.04386346613403691,-0.004826441937454962,-0.002206366375368307,-0.017638135922032228
2025-04-28,-0.02300092909853757,0.0,-0.19890346583120833,-0.04324571102471708,-0.0047069131862867986,-0.002437959479805296,-0.019330830176342184
2025-04-29,-0.028283416478775414,0.0,-0.20689250048952046,-0.044415593679779986,-0.00846753536907241,-0.004706543507732475,-0.0236992899837013
2025-04-30,-0.04000828495511288,0.0,-0.2254552574897163,-0.04651282234190479,-0.017471952019661674,-0.010678068269743601,-0.03393616072468664
2025-05-02,-0.0489226599440169,0.0,-0.17532798120226734,-0.044417020365944526,-0.0070187854277450334,-0.0015698722377699426,-0.016494807677780776
2025-05-05,-0.01999491067043002,0.0,-0.18175053847659672,-0.03304062488853965,0.0,0.0,-0.008375733128406004
2025-05-06,-0.0061815233665318825,0.0,-0.18229880556099065,-0.032407176231407986,0.0,0.0,-0.00465666049540614
2025-05-07,-0.006710813641769842,0.0,-0.18621499902094762,-0.03285230231479774,-0.000994222402403211,-0.0005288440771326064,-0.006188402810570204
2025-05-08,-0.022208177250696348,-0.0007580638067220535,-0.1683571568435439,-0.03263829939009111,-0.0022590796493807686,-0.0007033794651055691,-0.003617966873267764
2025-05-09,-0.018830756120509995,0.0,-0.15747013902486373,-0.034244748011555526,0.0,0.0,0.0
2025-05-12,-0.044056550736472855,0.0,-0.11807323281769666,-0.030198666048435463,0.0,0.0,0.0
2025-05-13,-0.03946786916872258,0.0,-0.12449579009202616,-0.028179905125369276,0.0,0.0,-0.0003662710206514541
2025-05-14,-0.060044620401109694,-0.0005104224132154167,-0.12410417074603053,-0.0268373934443763,-0.007354233709583435,-0.004265347334438174,-0.0053425402368234565
2025-05-15,-0.043232079346198105,-0.002198941002387156,-0.14540826316819622,-0.027369547383813364,-0.006553247327540479,-0.005258894892673616,-0.0086246517866011
2025-05-16,-0.05260638770039172,0.0,-0.13405130213432115,-0.026285265898633114,-0.00600925424077603,-0.003149411256598511,-0.006063071467254932
2025-05-20,-0.027053929139961963,-0.000710338774974284,-0.14916780888975478,-0.0187808966722538,0.0,0.0,-0.0027924976011667324
2025-05-21,-0.018550251211674196,-0.00012096348704249138,-0.1609163892696256,-0.013811748760565679,0.0,0.0,-0.0033643414535841076
2025-05-22,-0.01919292701546249,0.0,-0.15715684354806692,-0.006732532011270109,0.0,0.0,-1.0398375780318325e-05
2025-05-23,-0.006369710204105039,-0.00042645237862826146,-0.16898374779713687,-0.00366515675714163,0.0,0.0,-0.00026475354708044296
2025-05-26,-0.0070978394020622115,0.0,-0.16788721362834902,-0.0011142418946386012,0.0,0.0,0.0
2025-05-27,-0.016334854214378303,0.0,-0.17932249853142335,0.0,-0.005736533985874592,-0.003640092637450576,-0.006022583554978533
2025-05-28,-0.029935673241369587,0.0,-0.18363031133737584,0.0,-0.010718760988902454,-0.005876268045195587,-0.010210226974740277
2025-05-29,-0.005499553204205587,0.0,-0.18707656158213792,0.0,-0.0021652725598688694,-0.0005203471341186372,-0.004577390835951767
2025-05-30,-0.018572975659984614,0.0,-0.20093988643038552,0.0,-0.009201393252433077,-0.004210819262621568,-0.01214622088088868
2025-06-02,0.0,-0.0005840376640534606,-0.19600548267083973,0.0,0.0,0.0,-0.0028900216752497654
2025-06-03,-0.008996084410263117,-0.0015123770077889453,-0.1779909927550377,-0.003058030237054088,0.0,0.0,0.0
2025-06-04,-1.6403811214926733e-05,-0.0009614943202975734,-0.1616213040924177,-0.00041984088597757374,0.0,0.0,0.0
2025-06-05,-0.004948092482813138,0.0,-0.1598198551008374,0.0,-0.00021702106552856648,0.0,0.0
2025-06-10,-0.017944363427843668,-0.002293928345927454,-0.14634814959858566,0.0,-0.0015722698940442426,-0.000656909355890245,0.0
2025-06-11,-0.006264381162706778,-0.0026961932500966235,-0.1447816722146028,0.0,0.0,0.0,0.0
2025-06-12,0.0,0.0,-0.16224789504601078,0.0,0.0,0.0,-0.0014142698013237531
2025-06-13,0.0,0.0,-0.18527511259055762,-0.00010361518998658337,0.0,-0.0004269735637196792,-0.005702687307791221
2025-06-16,-0.01067831730060731,-0.001659296245271169,-0.17822596436263505,-0.004444251527273679,-0.0031559263952285477,-0.0027446307255015734,-0.007185239712282576
2025-06-17,-0.01055509179954972,0.0,-0.17877423144702898,-0.00381695956627226,-0.001996821756426681,-0.0008004644172677766,-0.006430127861458246
2025-06-18,-0.01433255114260612,0.0,-0.19310749951047135,-0.0030818517994737338,-0.006505045294774137,-0.003737361113545057,-0.01226571533468479
2025-06-19,-0.012006210013497332,0.0,-0.20360289798315578,-0.0013119923380767728,-0.007300789560376608,-0.003769777744171532,-0.014632522019670802
2025-06-20,-0.012250821829029479,0.0,-0.19624045427843673,0.0,-0.004486967049376345,-0.0010817884230794883,-0.010626554839591518
2025-06-23,-0.01744606412921723,-0.001567639090164552,-0.20046994321519007,0.0,-0.007404979542331658,-0.003272050548523864,-0.013086485677935467
2025-06-24,-0.025408362643453253,-0.0030999936991998878,-0.16882710005873802,0.0,-0.0027811541267924733,0.0,-0.0036059046620428026
2025-06-25,-0.018432327934324033,0.0,-0.172743293518695,0.0,0.0,0.0,-0.0006390566373359885
2025-06-26,-0.021838731384270282,0.0,-0.18825141962012448,0.0,-0.004506132799132145,-0.002952170803683485,-0.006507979119020457
2025-06-27,-0.0344173882217107,0.0,-0.17806931662423642,0.0,-0.005184547098815662,-0.0016649582567541676,-0.004792774422172297
2025-06-30,-0.02497431460987709,-0.0024004369897817623,-0.12872527902877884,0.0,0.0,0.0,0.0
2025-07-01,-0.016675674849284006,-0.0017589840989842287,-0.06395143920109092,0.0,0.0,0.0,0.0
2025-07-02,-0.01202000391286906,-0.0033701333520423926,-0.05267280203641489,0.0,0.0,0.0,0.0
2025-07-03,-0.019416522654525092,-0.002169914857151678,-0.05275112590561393,0.0,-0.0020074687760328613,-0.0006395034355406448,-0.0012088062610395856
2025-07-04,-0.01708351447405343,-0.0015535187199008371,-0.049226551791652584,0.0,0.0,0.0,0.0
2025-07-07,-0.013110181759912853,0.0,-0.06465635402388303,0.0,-0.0009045561439852134,-0.00012579194539896754,-0.0031746340124579886
2025-07-08,-0.022103804150538142,0.0,-0.07789308791853744,-0.0036230145400449887,-0.0068372188049261595,-0.003571941977306703,-0.010165020073305997
2025-07-09,-0.017902412300112025,-0.00025221625671123515,-0.06238496181710773,-0.0040229057696304915,-0.002138081854708873,-0.0003876736754111487,-0.004256939756526745
2025-07-10,-0.01341870530920275,0.0,-0.04930487566085162,-0.003528373615709679,0.0,0.0,0.0
2025-07-11,-0.003111673800028414,0.0,-0.05008811435284288,-0.00240867817287016,0.0,0.0,0.0
2025-07-14,-0.005298696545478765,-0.00019909659918115885,-0.06410808693948866,0.0,-0.0034076285474381462,-0.0023804087325289824,-0.004396394342091381
2025-07-16,-0.004333123589430055,0.0,-0.0767182298805501,-0.0006904346806141382,-0.005252803351996627,-0.003296872451607147,-0.007948075190380877
2025-07-17,-0.0035889427183039,0.0,-0.056823967103968864,-0.0030802983530867634,-0.000815727487999629,0.0,-0.0017788781155226863
2025-07-18,0.0,0.0,-0.060896808302324135,-0.0045957891481795965,0.0,0.0,-0.001872931142652634
2025-07-21,0.0,-0.0002475584547401155,-0.037869590757777405,-0.0006491152306159487,0.0,0.0,0.0
2025-07-22,0.0,-2.475584547390053e-05,-0.04115919326414119,0.0,0.0,0.0,0.0
2025-07-23,-0.010606320032870875,0.0,-0.04350890934011531,0.0,-0.0033002134704286368,-0.001321842362718817,-0.0022805709304450916
2025-07-24,-0.014234290072889233,0.0,-0.03865282944976878,0.0,-0.0016696225292540667,0.0,-0.00011754898554205973
2025-07-25,-0.02346791927042935,-0.0025058835391239542,-0.04405717642450935,0.0,-0.00662364798499282,-0.0037773612011950952,-0.004326098502328013
2025-07-28,-0.029905675471829984,-0.002769013606529369,-0.054239279420397524,0.0,-0.010780310467951915,-0.006482800806681066,-0.008649604898849472
2025-07-29,-0.025427207104869787,-0.0020411023920242632,-0.06034854121793032,-0.0007252031751285859,-0.010350930904624578,-0.006273618359758815,-0.0094615905807095
2025-07-30,-0.03739163159015546,-0.0018689612264319866,-0.049226551791652584,-0.002314869555392507,-0.012445444834650043,-0.007100646415142631,-0.009344176686609584
2025-07-31,-0.035087880713008945,-0.0007647986071318558,-0.04296064225572138,-0.00467572119616444,-0.010339367573321323,-0.005447109019514507,-0.007159709493915423
2025-08-01,-0.013798493832540282,-0.0011631824475030195,-0.04437047190130594,-0.000513685582382406,-0.0024861621385838806,-0.0008526362556330325,-0.0011633393929293412
2025-08-04,-0.008421953089743583,-0.0001942736011684154,-0.03411004503621873,0.0,0.0,0.0,0.0
2025-08-05,-0.007276136610227413,0.0,-0.038731153318967815,0.0,0.0,0.0,0.0
2025-08-06,-0.011489357214009566,-0.0007819012001445413,-0.03176032896024439,0.0,-0.00011072684977464498,0.0,0.0
2025-08-07,-0.0005639320041170848,-0.0015342966946232384,-0.031055414137452275,0.0,0.0,0.0,0.0
2025-08-08,-0.002666390797024465,-0.00042537392334907054,-0.02995887996866431,-0.000349057414734677,-0.00022911057321195472,0.0,-5.15465916929303e-05
2025-08-11,-0.016715321603936184,-0.0030317112571642824,-0.024397885255525442,0.0,-0.004385653954364632,-0.0028526486286043484,-0.0016939822374493207
2025-08-12,-0.015067957958004863,0.0,-0.03348345408262565,0.0,-0.003991931954131722,-0.001360743352670002,-0.0026109370724817227
2025-08-13,-0.01043038581431599,0.0,-0.031525357352647165,-0.0014325366009859675,-0.0018073483668692436,0.0,-0.0009518039756029051
2025-08-14,-0.017196447834269657,0.0,-0.04672018797728006,-0.0022583518180249174,-0.007042342751756747,-0.0031606947642692784,-0.0072949900370975485
2025-08-15,-0.016473187647532472,-0.0007469906075114885,-0.04390052868611105,-0.002294651388004665,-0.006427120044870449,-0.002949456447239873,-0.006388808736282114
2025-08-18,-0.017489073116151443,0.0,-0.039514392010959076,0.0,-0.0048941063504872595,-0.001086967423265861,-0.004238963730514356
2025-08-19,-0.022025887014775147,0.0,-0.0406892500489463,0.0,-0.006496580413008157,-0.0018844426952356885,-0.0054252016205404985
2025-08-20,-0.01162848886643797,0.0,-0.025259447816715852,0.0,0.0,0.0,0.0
2025-08-21,-0.01205037194154357,0.0,-0.010221264930481033,-0.000140789038604483,0.0,0.0,0.0
2025-08-22,-0.003394587913363556,0.0,-0.006696690816519912,0.0,0.0,0.0,0.0
2025-08-25,-0.00725840854483728,0.0,0.0,0.0,0.0,0.0,0.0
2025-08-26,0.0,0.0,0.0,0.0,0.0,0.0,0.0
2025-08-27,0.0,0.0,-0.013383423338811928,0.0,-0.0016369506168389947,-0.001189168527122031,-0.0028303521717937263
2025-08-28,0.0,0.0,-0.01612272051342245,0.0,0.0,0.0,-0.0016106219174158998
2025-08-29,0.0,0.0,-0.028410424982390103,0.0,0.0,0.0,-0.002245544152957857
2025-09-01,0.0,0.0,0.0,0.0,0.0,0.0,0.0
2025-09-02,0.0,0.0,-0.04261493813960582,0.0,-0.00303661120862031,-0.003052709851303792,-0.008822300806434646
2025-09-03,0.0,0.0,-0.05620895066442633,-0.0019359619875196632,-0.003121446598896016,-0.0035803295976200022,-0.011374780353905267
2025-09-04,0.0,0.0,-0.054452420956162984,-0.01470085383169173,-0.004613391029241964,-0.005179925277657538,-0.013949044090399432
2025-09-05,0.0,0.0,-0.06163128150297814,-0.01653131033991795,-0.0027162387648614894,-0.003845690035624405,-0.014072319839568692
2025-09-08,0.0,0.0,-0.08820833969757091,-0.013936892469577855,-0.0027275775284560932,-0.00458212146500403,-0.018101513468758323
2025-09-09,-0.0006563357022366656,0.0,-0.08110585000763648,-0.013429703478756827,-0.0012622325362180442,-0.0033667281104942104,-0.015799894911426637
2025-09-10,0.0,0.0,-0.06766457919657787,-0.013212336768405053,0.0,-0.00031092913221097973,-0.010509189516110795
2025-09-11,-0.00194521762768185,0.0,-0.08637543913242629,-0.012680995920878346,-0.004236565115197322,-0.0029999320484020986,-0.016565694549548038
2025-09-12,0.0,0.0,-0.08805559798380869,-0.011404760966531646,-0.0030768461235568534,-0.0022183694235752283,-0.01585449516041959
2025-09-15,0.0,-0.0005418939678007995,-0.03016648846799974,-0.009770061612657255,0.0,0.0,0.0
2025-09-16,0.0,-0.0024264270076083116,-0.020696502214753942,-0.0032096546411604088,0.0,0.0,0.0
2025-09-17,-0.0070611691532200815,-0.001620843564404284,-0.023216740491827426,0.0,-0.0018306446554461342,-0.00048128566800564876,-0.0008538308827644725
2025-09-18,-0.01251798100814272,-0.0011249138170864592,-0.03910187872307824,0.0,-0.006367144192580887,-0.003287928868987988,-0.006199020081684825
2025-09-19,-0.0010696394587530467,0.0,-0.013517641667938451,-0.0015565893510083306,0.0,0.0,0.0
2025-09-22,0.0,-0.0003335000833749602,0.0,-0.00017562168814133639,0.0,0.0,0.0
2025-09-23,0.0,0.0,-0.013463147486118543,0.0,0.0,0.0,-0.0005720466838911031
2025-09-24,-0.004375870915597768,0.0,-0.012170076823609821,-0.001983709009198753,-0.0012496285829706189,-0.00044722434359423247,-0.0015566035644242193
2025-09-25,-0.0019148673894493484,0.0,-0.015212596029512415,-0.002211923319991649,-0.0007849552504287649,-3.19825207313329e-05,-0.0017525652721038787
2025-09-26,0.0,-0.0030179437486138605,-0.042291016962044625,-0.001423204630493502,-0.005321465746779719,-0.00454898615955901,-0.009147368196571692
2025-09-29,0.0,0.0,-0.04837605537384948,-0.00484391144281604,0.0,0.0,-0.006115518266188724
2025-09-30,0.0,0.0,-0.04959306305621025,-0.0049091155316139945,0.0,0.0,-0.004497981793223471
2025-10-01,0.0,-0.00043284630108775257,-0.029740625237696605,-0.0007699098177293973,0.0,0.0,0.0
2025-10-02,0.0,0.0,-0.04601810298927489,0.0,-0.002118063298374051,-0.0011924852766964644,-0.0034514922266329906
2025-10-03,0.0,0.0,-0.07157526431885586,0.0,-0.0041267276755496685,-0.0025224911652891313,-0.008938719046547194
2025-10-06,0.0,-7.675112488381153e-05,-0.08146345173803882,-0.002905928968120919,0.0,-0.0001659147500443492,-0.007347087206730496
2025-10-07,0.0,0.0,-0.07492203544534837,-0.004698126361764476,0.0,0.0,-0.003979255115772795
2025-10-08,0.0,-0.00014627841338266112,-0.0833650262417277,-0.006808354608142331,-0.0005750425846379192,-0.0008389132717094849,-0.006116465410793026
2025-10-09,-0.003413996214348014,0.0,-0.09355746558150102,-0.005322963448901041,-0.003226172689264506,-0.0020612798993220327,-0.009549573460258087
2025-10-10,0.0,0.0,-0.09363352856164864,-0.005154594173924165,-0.00020323115688114513,0.0,-0.00741867834739951
2025-10-13,0.0,-0.0009200423458450846,-0.11173651783676841,-0.0030269054101412785,0.0,0.0,-0.006358067454007688
2025-10-14,0.0,-0.0006834600283419645,-0.13387084505970892,-0.0019206569145520103,-0.0015420336469245122,-0.001621976221636734,-0.011189261925801941
2025-10-15,0.0,0.0,-0.12132045333536123,-0.0022698672626525473,0.0,0.0,-0.003912128545473403
2025-10-16,0.0,-9.797432116942506e-05,-0.13326234121852842,-0.0033337116445439907,0.0,0.0,0.0
2025-10-17,-0.027024721991214862,0.0,-0.15037651175172984,-0.003927369236314537,-0.013092019804961774,-0.007780983139715869,-0.012558688799598539
2025-10-20,-0.0011292792880799318,-0.004536982011976054,-0.12428690956111599,-0.0013768865153673815,0.0,0.0,0.0
2025-10-21,-0.061155221961058825,0.0,-0.12596029512436224,-0.0011012597763309095,-0.01949276360912644,-0.009129252689042078,-0.014273818704983787
2025-10-22,-0.06215164486230573,0.0,-0.11728911538754028,0.0,-0.017577268159436277,-0.007512168065333613,-0.011064126628681392
2025-10-23,-0.05375433970630561,0.0,-0.11386628128090004,0.0,-0.013624264774676598,-0.005017116123611665,-0.007551799248408431
2025-10-24,-0.0580731916368431,-0.0008170479557125798,-0.08442990796379357,0.0,-0.00861947860366541,-0.001102664082779814,0.0
2025-10-27,-0.08339711402628713,-0.0026655296281122842,-0.09599148094622278,0.0,-0.02064672914660659,-0.008931669325687563,-0.010282033943531665
2025-10-28,-0.09128541952122404,-0.0006098083867711601,-0.09317715068076304,0.0,-0.02199561504285641,-0.008763024149372356,-0.010429503010572772
2025-10-30,-0.07320862615113133,-0.0003763661137102803,-0.10146801551684725,0.0,-0.016324399652475008,-0.005473394477216176,-0.007195205285484674
2025-10-31,-0.08032646653828379,0.0,-0.09317715068076304,-4.8045887518388675e-05,-0.016488063971354383,-0.00449885886851753,-0.00591277435787374
2025-11-03,-0.08147698246108759,-5.7061069609787296e-05,-0.041150072259830583,0.0,-0.005504738256242092,0.0,0.0
2025-11-04,-0.09517274303417078,-0.0003780295861646188,-0.05788392789229435,0.0,-0.013574094669745573,-0.005069023891950852,-0.007875129004987547
2025-11-05,-0.08625199730549515,0.0,-0.05217920438122725,-0.0012594489298358713,-0.00880515995284592,-0.0017916082584252813,-0.0037006208287873044
2025-11-06,-0.08116369962563996,0.0,-0.043508024644405285,-0.0010291216936402225,-0.004936419003332637,0.0,0.0
2025-11-07,-0.07741229057492593,0.0,-0.06039400623716418,-0.001184715092559685,-0.006309577430739455,-0.0006128617577433326,-0.0038176429577164717
2025-11-10,-0.04959926470275855,0.0,-0.07499809842549598,-0.0008416745280129811,0.0,0.0,-0.0007635010722057967
2025-11-11,-0.04411698497550487,-0.00013022498141312955,-0.09720848862858422,-0.0030040552295307332,-0.0031469988637814472,-0.002837742821433231,-0.0070870230382682475
2025-11-12,-0.03236378185388944,-0.0032106377235724404,-0.08633148246748279,-0.005306102446614003,0.0,-0.0004648910846467569,-0.0016310042646060507
2025-11-13,-0.03416770655387957,-0.0002628176897612189,-0.09226439491899274,-0.006060791688616729,-0.0011778047998646235,-0.00044692705831905766,-0.0036400546693983182
2025-11-14,-0.05670215449906524,0.0,-0.09713242564843672,-0.007546892420028151,-0.010459251947997905,-0.005855332903651145,-0.01131388711089265
2025-11-17,-0.06562086151080748,0.0,-0.08846124591161475,-0.005020643691115989,-0.010961302019819041,-0.005096339004212247,-0.009844032377440137
2025-11-18,-0.05773391516049309,0.0,-0.0862554194873355,-0.003997647721842634,-0.007240608499391121,-0.002621254401118378,-0.006669421346888416
2025-11-19,-0.050505304486620606,-0.00028340855468711457,-0.0673157374305926,-0.0027884297318153672,-0.0003631404718855702,0.0,0.0
2025-11-20,-0.053467390297915474,0.0,-0.06221951776070578,0.0,0.0,0.0,0.0
2025-11-21,-0.057467692707593776,0.0,-0.06853274511295337,0.0,-0.0016170857757282775,-0.0002986249417954445,-0.0015838564735809468
2025-11-24,-0.039876793539984745,-0.0004241251829041337,-0.07393321670343012,0.0,0.0,0.0,0.0
2025-11-25,-0.04114844322725397,0.0,-0.07743211379021797,0.0,-0.001022088272645827,-0.000539745320408791,-0.0012781931709134886
2025-11-26,-0.034075284719560894,0.0,-0.06708754849014942,0.0,0.0,0.0,0.0
2025-11-27,-0.03359907442251142,-0.00014370354665071972,-0.06708754849014942,0.0,0.0,0.0,0.0
2025-11-28,-0.020543470966546407,0.0,-0.06959762683501902,0.0,0.0,0.0,0.0
2025-12-01,-0.019934064496508475,-0.0015067083836548534,-0.0524834563018175,0.0,0.0,0.0,0.0
2025-12-02,-0.022515759706628002,-0.0031923383878689204,-0.0549174716665396,0.0,-0.0008426408148447528,-0.0006567028475461534,0.0
2025-12-03,-0.024459846195795887,-0.0008687115524510514,-0.06526203696660804,-0.0003334152039704552,-0.003076686871900325,-0.0015801986463592765,-0.0033980591724831477
2025-12-04,-0.022854866289899634,0.0,-0.08176770365862895,0.0,-0.0044759917439194385,-0.002109822005522899,-0.006043777965903829
2025-12-05,-0.02331408727916995,0.0,-0.07378109074313499,0.0,-0.0023814879443587733,-0.00021332849195376813,-0.002930912092754312
2025-12-08,-0.02522708333510215,0.0,-0.059100935574655455,0.0,0.0,0.0,0.0
2025-12-09,-0.02097618863568118,0.0,-0.05506959762683472,0.0,0.0,0.0,0.0
2025-12-10,-0.015223269235505765,0.0,-0.05818817981288482,-0.0015249821071885439,0.0,0.0,0.0
2025-12-11,-0.003999283051210778,-0.00013143195110720818,-0.057047235110671224,-0.000582393473450904,0.0,0.0,0.0
2025-12-12,0.0,0.0,-0.05164676352019437,-0.00039177071005247477,0.0,0.0,0.0
2025-12-15,0.0,-6.089663265052003e-05,-0.038031490073780705,0.0,0.0,0.0,0.0
2025-12-16,0.0,0.0,-0.05042975583783327,-0.0007933091374047185,-0.0023785314444330075,-0.001850450302061879,-0.0038384759481197017
2025-12-17,0.0,0.0,-0.055678101468015107,-0.0016461164601145883,-0.0009197557822735458,-0.0012259703548943568,-0.003786516178424959
2025-12-18,0.0,0.0,-0.05529778656727735,0.0,0.0,-7.541424438672895e-05,-0.002417840559056472
2025-12-19,0.0,0.0,-0.054385030805506496,0.0,0.0,0.0,-0.0010396570684476636
2025-12-22,0.0,0.0,-0.057199361070966015,0.0,0.0,0.0,0.0
2025-12-23,0.0,0.0,-0.060850384118049106,0.0,0.0,0.0,0.0
2025-12-24,-0.005474086374935849,0.0,-0.053776526964325666,0.0,-8.75394012846975e-05,0.0,0.0
2025-12-25,-0.0018185706965934134,0.0,-0.05788392789229391,0.0,0.0,0.0,-0.00019589258728447412
2025-12-26,0.0,-0.0003197109999253378,-0.06267589564159048,0.0,0.0,0.0,0.0
2025-12-29,-0.039320461020813546,0.0,-0.07362896478283931,0.0,-0.015103231462733513,-0.008161945317019526,-0.012364132081352563
2025-12-30,-0.04034276354710953,0.0,-0.06838061915265736,0.0,-0.012793083026726104,-0.005941988697096279,-0.008363514876033151
2025-12-31,-0.04710116792259644,0.0,-0.07073857153723162,0.0,-0.015202846963095595,-0.007102752723323058,-0.010120680724713171
2026-01-02,-0.04043722846340003,0.0,-0.004259526888262144,0.0,0.0,0.0,0.0
2026-01-05,-0.01619384841262894,0.0,0.0,0.0,0.0,0.0,0.0
2026-01-06,-0.004356273631239138,-9.991797431396776e-05,0.0,0.0,0.0,0.0,0.0
2026-01-07,-0.010981626573781322,-6.971021463741955e-06,-0.0043814809405579025,0.0,-0.002900203449845651,-0.0016643869936840971,-0.0024973962329485344
2026-01-08,-0.006118444595125561,0.0,-0.0044545056229006175,0.0,-0.0010394006556916358,-0.0005126238138355443,-0.0010593202677077196
2026-01-09,-0.0009041413259192055,0.0,0.0,-0.0017282680611823142,0.0,0.0,0.0
2026-01-12,0.0,0.0,0.0,-0.0041449424449916394,0.0,0.0,0.0
2026-01-13,-0.0002794414180766758,0.0,0.0,-0.003797949954980062,0.0,0.0,0.0
2026-01-14,0.0,0.0,-0.0026300824566392045,-0.0016178106447475304,0.0,0.0,0.0
2026-01-15,0.0,0.0,0.0,-0.000917131275850136,0.0,0.0,0.0
2026-01-16,-0.0030249509741261393,0.0,0.0,-0.004503092249794505,0.0,0.0,0.0
2026-01-19,0.0,-0.00039738924507581874,0.0,-0.0012440405992371062,0.0,0.0,0.0
2026-01-20,0.0,-1.3862415525811578e-05,0.0,0.0,0.0,0.0,0.0
2026-01-21,0.0,0.0,-0.012708059948891348,0.0,-0.000708414400798385,-0.0006565854266059601,-0.002248278726668551
2026-01-22,0.0,-0.0005358809235628259,-0.002555425098418218,0.0,0.0,0.0,0.0
2026-01-23,0.0,0.0,0.0,0.0,0.0,0.0,0.0
2026-01-26,0.0,-0.00038960559925504956,0.0,0.0,0.0,0.0,0.0
2026-01-27,0.0,0.0,-0.012559929772435474,0.0,0.0,0.0,0.0
2026-01-28,0.0,0.0,0.0,-0.0036707121268846343,0.0,0.0,0.0
2026-01-29,-0.03614648035654855,0.0,0.0,-0.0015291905113783422,-0.00591508454973122,-0.0019483406018605542,0.0
2026-01-30,-0.12524072541849574,0.0,-0.0004524301964839994,0.0,-0.037327638805688346,-0.019387334871602824,-0.022196612055524256
2026-02-02,-0.14206437891170742,-0.0008162439442747083,-0.01796794208893482,-0.0033593685302462095,-0.047902382663801424,-0.02663112846157456,-0.033019139272784104
2026-02-03,-0.11070309563246294,-0.00024372354392443452,0.0,-0.0027883957408044724,-0.031778640889379206,-0.016317668663751284,-0.018300647830797545
2026-02-04,-0.09809024072798944,-0.0004966442027136697,-0.004002840725676249,-0.0020833968958259286,-0.027718292572951775,-0.014138105459484684,-0.01587483756771013
2026-02-05,-0.1520387032478453,0.0,-0.03066692491445544,-0.0033266792484079044,-0.053051760472702436,-0.029383574309971183,-0.038525604122885415
2026-02-06,-0.1058846019552172,0.0,-0.03195816385822192,-0.009636800285922176,-0.03569967404825891,-0.019140600043315414,-0.0270344357847212
2026-02-09,-0.09329848717733769,-0.00030961598444123606,-0.00878042481761232,-0.008579846839818273,-0.026266312633843047,-0.012851293727509372,-0.016422385713905197
2026-02-10,-0.09077141665591038,0.0,-0.018206469107107992,-0.00459611302646068,-0.026339569736303914,-0.012705376415124925,-0.017392090969350904
2026-02-11,-0.08690566854687454,0.0,-0.011621150493898669,-0.007234138070808971,-0.023870480000622196,-0.011094124955869034,-0.014953429203641844
2026-02-12,-0.11068316909581832,0.0,0.0,-0.010422432692768213,-0.025835623604435698,-0.011044544341032192,-0.011000487224342548
2026-02-13,-0.0899143184635941,0.0,-0.0013220018885741203,-0.0036546617095180034,-0.01694976601935705,-0.005299964643225241,-0.0038047598957851037
2026-02-16,-0.09810579628240201,0.0,0.0,0.0,-0.01741143929648925,-0.004691658956619826,-0.0021053794369154666
2026-02-17,-0.1215206338644158,0.0,-0.014751843980497448,0.0,-0.02899915932447883,-0.011793287072919045,-0.01263170668845981
2026-02-18,-0.09986537374726334,0.0,-0.009501187648455867,0.0,-0.01892894629625419,-0.005295595108238849,-0.004103017171671386
2026-02-19,-0.09617703609351391,0.0,-0.0379422427803473,0.0,-0.02307218370585895,-0.00865104761079416,-0.01156282891706184
2026-02-20,-0.07457769883726695,0.0,-0.02756594574321758,-0.005539794115512531,-0.013177427675673759,-0.0024089556837406656,-0.003539478527671225
2026-02-23,-0.05095896778997455,0.0,-0.014501812726590457,-0.005540877375996733,-0.0016164936893509063,0.0,0.0
2026-02-24,-0.06615147356095652,0.0,-0.017939742467808162,-0.0022390994205641057,-0.007260734389581858,-0.0029782506803478492,-0.004119117818033424
2026-02-25,-0.06370719458532959,0.0,-0.033066633329165596,-0.00441320321208416,-0.009688540280117786,-0.0050096444468985535,-0.008581462945683294
2026-02-26,-0.05794829693676362,0.0,-0.02744093011626403,-0.004030812261209049,-0.006077672475527596,-0.0024085935693689553,-0.005051415453523611
2026-02-27,-0.04233939082906146,0.0,-0.030941367670958342,-0.0033776061893174836,-0.0007867749982547467,0.0,-0.001744708983672183
2026-03-02,-0.0284502091129315,0.0,-0.030253781722714757,0.0,0.0,0.0,0.0
2026-03-03,-0.06883821349214159,-1.1376020713549373e-05,-0.05931991498937317,-0.007988622035814852,-0.02174603646248885,-0.014014060361895675,-0.021383983884605162
2026-03-04,-0.06109964656751832,0.0,-0.05031878984873073,-0.004951320857723096,-0.016527735841664226,-0.01042082856053339,-0.01575814967738176
2026-03-05,-0.07418392476151059,0.0,-0.04350543817977215,-0.012095044562970614,-0.02061550660163114,-0.012580863575168522,-0.018597102233979812
2026-03-06,-0.05795279647729601,0.0,-0.06832104013001594,-0.008524807514828758,-0.018768360086040436,-0.011773194677236032,-0.020788000177012544
2026-03-09,-0.06351821388295875,-0.0007192987631239323,-0.06857107138392271,-0.0065598772947652595,-0.020769990003190242,-0.01304226434502842,-0.02196879375738603
2026-03-10,-0.05278758106243597,-0.00012026130739961616,-0.03287910988873577,-0.022280402258261445,-0.01148633640729213,-0.007154358961382168,-0.011675702710906899
2026-03-11,-0.06427323678433439,0.0,-0.03156644580572543,-0.01496011646598494,-0.01419945357270258,-0.008071499937120419,-0.012350310607433967
2026-03-12,-0.06887446693300447,0.0,-0.029941242655331712,-0.015759520271060423,-0.015371213657043747,-0.008391513598368316,-0.013057878194755235
2026-03-13,-0.08276274874102785,0.0,-0.04431803975496906,-0.02016165721391483,-0.02359252017894098,-0.013383352050362007,-0.021896942561739352
2026-03-16,-0.08444609113343593,-0.0008167051264648117,-0.05006875859482396,-0.022962820140642437,-0.02605271770557238,-0.015461984300922493,-0.02497020939745276
2026-03-17,-0.08572563190261562,-0.00030541604452283266,-0.02987873484185477,-0.02358241224972535,-0.02233215897402374,-0.012440094721400397,-0.019148626758796583
2026-03-18,-0.11400460135870605,0.0,-0.04294286785848167,-0.020540778259682146,-0.03494570971647504,-0.019835680193245997,-0.029833801159439788
2026-03-19,-0.14959750967144003,0.0,-0.052944118014751074,-0.017592299726598815,-0.04955970214345229,-0.027896809739191508,-0.041529272335955714
2026-03-23,-0.18671679069114389,0.0,-0.034066758344792336,-0.023688566142540113,-0.06110336608834699,-0.03425854075392287,-0.04769535490922405
2026-03-24,-0.1668010529439069,0.0,-0.05694461807725881,-0.038403878733258345,-0.059379777535436995,-0.03472022350656356,-0.052053417637426325
2026-03-25,-0.17518575388901592,-0.00024581383548505364,-0.050256282035253674,-0.03829772484044347,-0.061412352308098384,-0.03573875864724718,-0.052441811096403
2026-03-26,-0.19046143688070138,-0.00029993798274785544,-0.07700962620327456,-0.035711036105321226,-0.07242071044233278,-0.043021819941025274,-0.06420967319622939
2026-03-27,-0.17456404594570707,0.0,-0.07994749343667884,-0.035663375173853096,-0.06599616304837652,-0.03862504787270582,-0.06007194688559758
2026-03-30,-0.17023535939501366,0.0,-0.08882360295036784,-0.034364614791352444,-0.0658656661703344,-0.038762883980903995,-0.061223671927521206
2026-03-31,-0.13716630764618365,0.0,-0.07500937617202064,-0.03801067604864772,-0.05041245378515857,-0.029254075142431946,-0.048406362695089244
2026-04-01,-0.12026397647280107,0.0,-0.0603200400049998,-0.0336789473000072,-0.04011564966920278,-0.02226329213078515,-0.038055267956512706
2026-04-02,-0.14074099976190868,-0.00033727722839071994,-0.052631578947367585,-0.0247262746049548,-0.04512796702729549,-0.024421058648663396,-0.039128570107650584
2026-04-06,-0.14097677568581857,0.0,-0.044818102262782045,-0.02226198780746602,-0.04253913057803038,-0.021631780552731406,-0.03571123818527888
2026-04-07,-0.10970844005814795,0.0,-0.06388298537317072,-0.021688973426863267,-0.03390052620184558,-0.017048431195034297,-0.032449104748111246
2026-04-08,-0.13259066059939906,-0.0018048558469481168,-0.011313914239279077,-0.01902429407661166,-0.031869079109500986,-0.01430675830613215,-0.02205621720355322
2026-04-09,-0.12080996357686058,-0.0008004143321247437,-0.0030628828603567193,-0.007554257637663264,-0.02366092156671107,-0.008170706643322534,-0.013231864066013177
2026-04-10,-0.12473227733830694,0.0,0.0,-0.003902780365428238,-0.018511628772651778,-0.003536626751668881,-0.0043930566536085625
2026-04-13,-0.12093093693803791,0.0,0.0,-0.003414255817882128,-0.016140162356595544,-0.0016654996723868276,-0.0022500042470074977
2026-04-14,-0.10558698948855738,0.0,0.0,-0.009434698024669785,-0.009605276692508324,0.0,0.0
2026-04-15,-0.10812100215823506,0.0,0.0,-0.0013312564721366105,-0.009072296220146159,0.0,0.0
2026-04-16,-0.11162781549106793,0.0,-0.009660085733260937,-0.0002740503559393037,-0.011783203612415916,-0.0013871472722573053,-0.003340572096086958
2026-04-17,-0.1041882751744132,0.0,0.0,0.0,-0.0021919548660082055,0.0,0.0
2026-04-20,-0.10528487748136628,0.0,-0.008345170454545414,0.0,-0.003945466776007933,-0.0010762238476204056,-0.0023631097592280437
2026-04-21,-0.12012809034871519,0.0,-0.01740056818181812,0.0,-0.010836180127823725,-0.0049758839377249675,-0.008148701170350492
2026-04-22,-0.1221071168332678,0.0,-0.01781486742424243,0.0,-0.011304767867306609,-0.004946924598086211,-0.008389007491394151
2026-04-24,-0.12419683201492315,0.0,-0.017637310606060663,-0.0054220345130254755,-0.012385771151583458,-0.005345676285786416,-0.0099277473426852
2026-04-27,-0.1265423782154339,0.0,-0.005326704545454475,-0.010100457326560064,-0.011269707498538839,-0.004268474257779875,-0.007856760390411943
2026-04-28,-0.14395290035240205,0.0,-0.01935369318181812,-0.012104882513643389,-0.021166306531760437,-0.010495308451226926,-0.017440102095387378
2026-04-29,-0.14826963098110857,0.0,-0.026337594696969502,-0.015064306853030618,-0.023916402657729985,-0.01162767610280524,-0.020970828176031353
