Date,GAU/TRY Index 100,USD/TRY Index 100,BIST 30 Futures Index 100,HST Bond Fund Index 100
1970-01-01 00:00:00.000045048,100.0,100.0,100.0,100.0
1970-01-01 00:00:00.000045049,101.79187766603677,100.06170903163103,100.29706137745076,100.50275115264017
1970-01-01 00:00:00.000045050,101.7510109753992,100.2391224975702,98.30903523604954,100.8392039853754
1970-01-01 00:00:00.000045051,100.15950681190708,100.36562601241378,95.51665828801244,100.8392039853754
1970-01-01 00:00:00.000045054,100.41642840963631,100.27409094882778,100.19651752662126,100.78714538088343
1970-01-01 00:00:00.000045055,101.2188728079693,100.28540427129346,99.14994744298707,100.78208412766891
1970-01-01 00:00:00.000045056,101.10918217515336,100.47155985004706,98.98085096659202,100.82932249100422
1970-01-01 00:00:00.000045057,100.49491463138405,100.48493014023379,108.86156939810793,100.73436374021793
1970-01-01 00:00:00.000045058,100.25549601549766,100.58572155856442,106.49878890361502,100.59698686725298
1970-01-01 00:00:00.000045061,100.9923636311797,101.05882413440226,95.85028106576482,100.52588831019216
1970-01-01 00:00:00.000045062,99.99604004935682,101.42342166295555,97.63721950550706,102.26888751244225
1970-01-01 00:00:00.000045063,99.83914680487422,101.52267035549545,98.53754398793474,103.72219022117677
1970-01-01 00:00:00.000045064,98.82128109155246,101.73968045006454,94.40610575385038,104.01140469057665
1970-01-01 00:00:00.000045068,99.62538866915563,101.97828870570449,94.22786892737992,105.21525991945377
1970-01-01 00:00:00.000045069,99.93529440649051,102.05542499524324,95.40240391206983,105.06173523861399
1970-01-01 00:00:00.000045070,99.3675958822849,102.28117720262675,94.16388647685207,104.74263527404277
1970-01-01 00:00:00.000045071,99.09127052640414,102.49818729719581,93.45550934600794,104.2972449911669
1970-01-01 00:00:00.000045072,99.02125859903282,102.49304487789325,97.87486860746768,104.25554990516177
1970-01-01 00:00:00.000045075,99.63449655563494,103.32097438560943,100.77235958137196,104.66864457228795
1970-01-01 00:00:00.000045076,102.79778432841613,105.26840857549841,106.84612220648052,104.91688699185619
1970-01-01 00:00:00.000045077,103.94205166626801,106.94843696165297,105.88638544856268,104.28447135210175
1970-01-01 00:00:00.000045078,105.20187036388779,106.95615059060685,106.2428591015036,104.32568441399124
1970-01-01 00:00:00.000045079,104.10987437452579,107.77945192095073,108.98496412412595,103.62048313277114
1970-01-01 00:00:00.000045082,106.26448351947741,109.32269195365652,113.74251633837575,103.50045912797019
1970-01-01 00:00:00.000045083,109.79303713958508,110.93175495343539,115.08157762442302,102.0946357946288
1970-01-01 00:00:00.000045084,115.36650927182843,119.53965062403257,119.96252456469082,102.21200866679361
1970-01-01 00:00:00.000045085,117.62629470586279,118.90250487244228,119.19930533339426,102.05028957598749
1970-01-01 00:00:00.000045086,116.83620535353647,120.16445456929668,119.04848955715003,102.08716442083599
1970-01-01 00:00:00.000045089,118.11027987347164,121.468057862502,117.70028792102738,102.07800596263831
1970-01-01 00:00:00.000045090,117.03127252221928,121.4716575560138,113.18495498377588,102.04185415396334
1970-01-01 00:00:00.000045091,116.76991577976972,121.09523246306458,111.0004113157534,102.10981955427232
1970-01-01 00:00:00.000045092,118.03258564185255,121.65729889283712,114.33206891823957,102.20959854621528
1970-01-01 00:00:00.000045093,117.75475550472738,121.44028879826803,112.59540240391206,102.2633442351121
1970-01-01 00:00:00.000045096,117.26340482892222,121.40480610508018,108.65591152141127,102.38529633637572
1970-01-01 00:00:00.000045097,116.31444225679171,121.1070600274605,107.18888533430831,102.45326173668468
1970-01-01 00:00:00.000045098,116.03225617395903,120.98724165771029,106.30684155203144,102.52484231786116
1970-01-01 00:00:00.000045099,121.33526367727352,127.98298887694703,111.05982359124353,102.5214681490515
1970-01-01 00:00:00.000045100,123.45185729605066,129.75866626212968,113.98016544033635,102.4156638556627
1970-01-01 00:00:00.000045103,127.73486071269609,133.25911108139934,117.08331429093735,103.2874044688456
1970-01-01 00:00:00.000045104,126.87943217475737,133.71010125423606,121.21475252502172,103.18883053719176
1970-01-01 00:00:00.000045110,126.74241788250352,133.21900021083917,128.24368173301036,103.50118216414369
1970-01-01 00:00:00.000045111,127.45790176471239,133.68541764158365,127.73639230382523,103.60554038518548
1970-01-01 00:00:00.000045112,127.64528662914745,134.07932696016167,131.1960148073671,104.20445534890112
1970-01-01 00:00:00.000045113,127.25333071448597,134.12612297581518,129.94835702207394,104.42859656268604
1970-01-01 00:00:00.000045114,127.7427806139824,133.98676341271513,130.31397102509027,104.44811853937053
1970-01-01 00:00:00.000045117,128.42230814435126,134.19246018481854,130.99035693067046,104.77975113094908
1970-01-01 00:00:00.000045118,128.5548872918848,133.6627909966523,133.22517252410768,104.80674448142642
1970-01-01 00:00:00.000045119,130.63425737461608,134.38581515059573,133.25716374937159,104.79758602322875
1970-01-01 00:00:00.000045120,130.08121066779023,133.71627215739917,133.2525935743339,104.8674795200004
1970-01-01 00:00:00.000045121,130.48932318107586,134.1929744267488,133.9381198299895,104.88483238816437
1970-01-01 00:00:00.000045124,131.42862347363703,135.4261265755087,137.1829441067593,104.97834506660368
1970-01-01 00:00:00.000045125,135.63496224583056,138.42724248049737,132.35226909190624,105.48230127953302
1970-01-01 00:00:00.000045126,135.09981451591187,137.68107743969227,136.492847676066,105.91612298363289
1970-01-01 00:00:00.000045127,134.8161236518348,137.43475555509843,138.40775101686395,105.83321483573825
1970-01-01 00:00:00.000045128,134.7872952111525,138.70596160669749,137.0504090306659,105.579188126782
1970-01-01 00:00:00.000045131,134.5350463551822,138.44266973840513,136.13180384808737,106.18171827136513
1970-01-01 00:00:00.000045132,134.76923783621962,138.28891140125782,134.2031899821763,106.13206978745147
1970-01-01 00:00:00.000045133,135.23714560421718,138.42210006119478,137.57597916000185,106.21666501975096
1970-01-01 00:00:00.000045134,133.7439274156887,138.53266207620035,140.28152278232255,107.15299686443313
1970-01-01 00:00:00.000045135,134.24573236119184,138.3326219653298,146.06736438005578,107.18288235960445
1970-01-01 00:00:00.000045138,134.72385680184883,138.30793835267738,148.00968877107994,107.31809012404892
1970-01-01 00:00:00.000045139,134.15061434674277,138.299196239863,145.68346967688862,107.29398891826558
1970-01-01 00:00:00.000045140,132.954630053491,138.62111168820482,148.26561857319135,107.34532448658408
1970-01-01 00:00:00.000045141,134.01526323375904,138.67562133281223,145.79772405283123,107.3723178370614
1970-01-01 00:00:00.000045142,133.34603157506245,138.52186299566495,150.62839906768428,107.44365740618002
1970-01-01 00:00:00.000045145,133.20466133710107,138.71470371951187,151.3184954983776,107.63381591981047
1970-01-01 00:00:00.000045146,132.6649992634492,138.73938733216426,149.8103377359353,107.61212483460547
1970-01-01 00:00:00.000045147,131.74890428165705,138.78926879939937,155.65559160915862,107.62923669071165
1970-01-01 00:00:00.000045148,132.0794809613493,138.8381217827739,150.94831132032357,107.62923669071165
1970-01-01 00:00:00.000045149,131.98832289754338,138.14183820920388,156.22686348887163,107.6918998257483
1970-01-01 00:00:00.000045152,131.48121161817838,138.9152580723127,155.31739865636854,108.28286139155543
1970-01-01 00:00:00.000045153,131.09028529068414,139.07158761911126,153.74982861843608,108.21055777420545
1970-01-01 00:00:00.000045154,130.6561163021664,139.04124734522603,152.47017960787898,107.41256685071954
1970-01-01 00:00:00.000045155,130.66229382516977,139.0083358616895,154.43535487409167,107.96279737875287
1970-01-01 00:00:00.000045156,130.40465943632478,139.0031934423869,148.80489922764042,108.81356994290425
1970-01-01 00:00:00.000045159,131.24432737070364,139.56011745285684,155.33567935651936,108.99240088981652
1970-01-01 00:00:00.000045160,131.57134009481706,139.8048966116599,152.9454778118002,108.94323443001855
1970-01-01 00:00:00.000045161,132.84058347496756,139.76684270882077,148.94657465380925,108.92202536892921
1970-01-01 00:00:00.000045162,126.39774377852153,132.58391142696993,147.76289931904392,108.97625308194169
1970-01-01 00:00:00.000045163,129.4673391190852,136.51323401607522,151.99031122892006,108.99288291393219
1970-01-01 00:00:00.000045166,128.73110509550608,136.28953877641274,155.95722316164708,107.6947919704423
1970-01-01 00:00:00.000045167,130.98265383220266,136.55385912856562,154.9335039532014,107.34243234189007
1970-01-01 00:00:00.000045169,131.86873238811953,137.0465028977533,154.52218819980806,107.58127529120283
1970-01-01 00:00:00.000045170,131.98856049458198,136.9482826890739,162.67538046707188,107.62321138926583
1970-01-01 00:00:00.000045173,132.12565398584871,137.5057209414741,164.22923997989122,107.6463485468178
1970-01-01 00:00:00.000045174,131.35235482424946,137.63479566596902,166.45491522325304,107.6709317767168
1970-01-01 00:00:00.000045175,130.81665270124074,137.7772406806506,165.28038023856314,107.70154030806161
1970-01-01 00:00:00.000045176,131.38878637016668,137.7278734553458,167.62488003290525,107.8340969398699
1970-01-01 00:00:00.000045177,131.21961727869024,137.93408446937946,167.33238883049222,107.57814213445099
1970-01-01 00:00:00.000045180,131.60175251575666,137.84100668000266,163.18266989625704,107.61935519634048
1970-01-01 00:00:00.000045181,131.15974282496543,138.07087282282822,161.94415246103927,106.9570540614147
1970-01-01 00:00:00.000045182,130.71686194503272,138.4416412545446,159.7641789680545,106.45454392083235
1970-01-01 00:00:00.000045183,131.08196939433344,138.13823851569208,162.24121383849,106.32656651812292
1970-01-01 00:00:00.000045184,132.1990714707732,138.4292994482184,158.150907179745,105.92335334536787
1970-01-01 00:00:00.000045187,132.95954039228855,138.90754444335883,153.37507426534435,106.13857711301296
1970-01-01 00:00:00.000045188,132.91859450263811,138.55734568885276,154.51761802477034,105.33914011718007
1970-01-01 00:00:00.000045189,132.75370215785628,138.74555823532737,153.49846899136236,105.31600295962807
1970-01-01 00:00:00.000045190,132.68939255941115,139.42178637361732,158.67190713404324,105.94046520147403
1970-01-01 00:00:00.000045191,133.22010514460948,139.37910429340587,158.5073808326859,105.84598847480339
1970-01-01 00:00:00.000045194,132.85095854565267,139.77455633777467,163.708240025593,106.20124024804963
1970-01-01 00:00:00.000045195,132.42130390086817,140.13812538246745,162.13152963758512,105.98457040805754
1970-01-01 00:00:00.000045196,130.70767485954053,137.97265261414884,161.7750559846442,106.01349185499751
1970-01-01 00:00:00.000045197,130.53906016115414,140.7109908927754,162.38745943969656,105.93660900854871
1970-01-01 00:00:00.000045198,129.02786379670565,140.75418721491712,165.96590649421873,106.13158776333582
1970-01-01 00:00:00.000045201,127.6477417985462,141.02622119602387,168.0224852611855,106.40224430428256
1970-01-01 00:00:00.000045202,127.8856556331882,141.2278040326852,167.80311685937573,106.52973968287634
1970-01-01 00:00:00.000045203,127.90917774000864,141.3877332729956,163.4705909236324,106.57312185328634
1970-01-01 00:00:00.000045204,127.94394610665572,141.4509850304174,165.74196791737123,106.84859863538973
1970-01-01 00:00:00.000045205,128.86962416900437,141.62479880284477,164.63141538320917,106.91029772219505
1970-01-01 00:00:00.000045208,131.4892107184776,142.26503000601662,160.16635437137242,107.13684905655832
1970-01-01 00:00:00.000045209,131.34918686373493,142.47072677812002,164.05557332845848,107.17227782905981
1970-01-01 00:00:00.000045210,132.3932674503145,142.43421560107168,162.14981033773594,107.2744669415811
1970-01-01 00:00:00.000045211,132.6857494048194,142.41930258509416,159.7916000182807,107.3101367261404
1970-01-01 00:00:00.000045212,136.80679084015895,142.75973074292529,157.44253004890086,107.35472395683958
1970-01-01 00:00:00.000045215,136.24471544586666,143.2431181573683,155.0249074539555,107.4463085388162
1970-01-01 00:00:00.000045216,137.06268285072093,143.56966178308247,157.61619670033363,107.52078126468668
1970-01-01 00:00:00.000045217,139.32785381763003,143.97642714991693,152.01316210410857,107.64080526948764
1970-01-01 00:00:00.000045218,141.12844337508176,143.76610220044122,149.33046935697638,107.85916219388456
1970-01-01 00:00:00.000045219,141.22007663296486,143.721877394439,144.01535578812667,107.89892918342704
1970-01-01 00:00:00.000045222,141.1606773733172,144.29011472737463,148.7911887025273,108.14090528949166
1970-01-01 00:00:00.000045223,141.36944597122542,144.5060963380832,152.66669713450025,108.32455647756059
1970-01-01 00:00:00.000045224,142.15177382029108,144.57346203094707,142.36095242447786,107.91049776220305
1970-01-01 00:00:00.000045225,142.35705766163332,144.64699862697404,145.39554864951327,107.99412894627119
1970-01-01 00:00:00.000045226,144.0029715469626,144.82904027028553,146.49239065856224,108.07366292535616
1970-01-01 00:00:00.000045229,143.64229924238225,145.16484025074433,146.30501348201636,108.09872817937081
1970-01-01 00:00:00.000045230,142.985026634628,145.40293426445405,143.39838215803667,108.3450425024764
1970-01-01 00:00:00.000045231,143.20923904004462,145.59474650444045,150.83405694438096,108.40866968574439
1970-01-01 00:00:00.000045232,143.66510855808693,145.61325921392978,153.16027603857228,108.49712111096919
1970-01-01 00:00:00.000045233,144.0457390139089,145.92900375910853,154.8192495772588,108.32407445344492
1970-01-01 00:00:00.000045236,143.21850532454962,145.8482677760579,157.88583702755815,108.48675759248235
1970-01-01 00:00:00.000045237,142.890463013269,146.2930870457315,157.86755632740736,108.5805112829795
1970-01-01 00:00:00.000045238,141.69146915752842,146.21132257882044,158.12805630455645,108.26213435458176
1970-01-01 00:00:00.000045239,142.31072623910813,146.1012748057451,157.30542479776975,107.87048976060272
1970-01-01 00:00:00.000045240,140.94335528201975,146.68802484817004,155.12545130478497,108.02546051378951
1970-01-01 00:00:00.000045243,141.81319804029962,146.8695522495513,151.90347790320368,108.26117030635044
1970-01-01 00:00:00.000045244,143.1286936439624,147.17038377875252,154.5953110004113,108.20091729189213
1970-01-01 00:00:00.000045245,143.18072739541373,147.35756784136663,154.2205566473196,108.2059785451066
1970-01-01 00:00:00.000045246,144.9112258264813,146.77596021824425,156.4325213655683,108.33829416485707
1970-01-01 00:00:00.000045247,144.72510814625207,147.35345390592457,158.10520542936794,108.66944473231996
1970-01-01 00:00:00.000045250,145.22841787299961,147.53600979116635,159.94241579452492,109.44526254648521
1970-01-01 00:00:00.000045251,146.62889401746494,147.94123243221006,162.0172752616425,109.63373397571081
1970-01-01 00:00:00.000045252,146.1681141606251,148.2466921387836,161.35459988117543,109.68579258020279
1970-01-01 00:00:00.000045253,146.42384777316136,147.99831328646874,158.93240711119236,109.70724265334995
1970-01-01 00:00:00.000045254,147.1656257276409,148.41330652418736,160.18920524656096,109.82461552551474
1970-01-01 00:00:00.000045257,148.37103470342345,148.52489702305348,164.28865225538138,110.16106835824996
1970-01-01 00:00:00.000045258,150.57324245510603,148.56449365168336,164.09213472876013,110.41099786222306
1970-01-01 00:00:00.000045259,150.71294951379727,148.50638431356413,164.0829943786847,110.63827223275982
1970-01-01 00:00:00.000045260,150.08197097831373,148.3855374599534,160.98441570312144,111.01232294651702
1970-01-01 00:00:00.000045261,152.41913384791573,148.5567800227295,162.74850326767515,112.35403707247474
1970-01-01 00:00:00.000045264,149.75804701570198,148.76659073027497,164.11955577898632,115.34379164989626
1970-01-01 00:00:00.000045265,148.66185347865823,148.47398707195788,162.71194186737353,114.86972093213824
1970-01-01 00:00:00.000045266,149.26075641393203,148.47604403967892,158.96896851149398,115.66722983150848
1970-01-01 00:00:00.000045267,149.32973875413614,148.72442289199375,160.39029294821992,116.11262011438433
1970-01-01 00:00:00.000045268,147.88728713285317,148.3881086696047,158.53480188291212,116.1473258507123
1970-01-01 00:00:00.000045271,146.25475788069778,148.8390988424414,154.94721447831452,115.93041499866239
1970-01-01 00:00:00.000045272,146.55127898485873,148.63185934454722,155.40880215712264,115.82581576556275
1970-01-01 00:00:00.000045273,150.07246709677008,148.85092640683735,151.69782002650703,116.36495973893575
1970-01-01 00:00:00.000045274,150.25636720463916,148.9620026637732,157.6024861752205,116.582834639217
1970-01-01 00:00:00.000045275,149.09047853627553,148.8786954710713,160.5822402998035,117.15258714393482
1970-01-01 00:00:00.000045278,150.03049161995244,149.3235147407449,156.97637219505506,117.86718789541042
1970-01-01 00:00:00.000045279,151.19764747252188,149.49064336807893,154.94264430327684,118.607817949132
1970-01-01 00:00:00.000045280,150.7440747258526,149.70456801106647,154.50847767469494,119.11466630675534
1970-01-01 00:00:00.000045281,152.30009773158187,149.6731992533207,155.7378547598373,119.36242670220791
1970-01-01 00:00:00.000045282,152.77695498803303,150.1493872807401,151.03057447100224,119.3361563879041
1970-01-01 00:00:00.000045285,153.35106863228057,150.39725189112468,145.9805310543394,119.16431479066898
1970-01-01 00:00:00.000045286,154.21718903695586,150.07173674927105,146.33700470728027,119.25614038470344
1970-01-01 00:00:00.000045287,155.61592280313818,151.04982490062272,145.1807504227412,119.16214568214846
1970-01-01 00:00:00.000045288,155.29611718919537,151.23546623744605,146.33700470728027,119.58801398833985
1970-01-01 00:00:00.000045289,153.67119104227484,151.58103681457976,146.71632923540972,119.12888601816749
1970-01-01 00:00:00.000045293,156.01833298749764,152.61157764281782,158.46167908230885,118.83316422320608
1970-01-01 00:00:00.000045294,154.9794003367542,152.69231362586842,154.77811800191947,118.32197764854175
1970-01-01 00:00:00.000045295,155.38006814283065,152.98183183260394,157.32827567295828,117.37745139389324
1970-01-01 00:00:00.000045296,155.17169553998679,153.347972086948,158.75874045975962,116.99761639074804
1970-01-01 00:00:00.000045299,154.75106958266872,153.6354333259625,163.1323979708423,116.37749236594308
1970-01-01 00:00:00.000045300,154.98153871010152,153.5824664071459,161.94415246103927,116.43509424776522
1970-01-01 00:00:00.000045301,154.0963313433261,154.02522870909849,165.2575293633746,118.33716140818527
1970-01-01 00:00:00.000045302,155.81780108692723,154.08848046652028,164.96046798592386,118.79291520954793
1970-01-01 00:00:00.000045303,157.0914796117981,154.59963694519723,165.78766966774828,118.37548232538073
1970-01-01 00:00:00.000045306,157.40645408595626,154.6546608317349,167.2181344545496,118.46682589529955
1970-01-01 00:00:00.000045307,155.5657898279956,154.35897172183624,166.61030117453498,117.59773641475284
1970-01-01 00:00:00.000045308,154.26161968317226,154.73848226636701,165.72368721722043,117.38323568328124
1970-01-01 00:00:00.000045309,155.40770859832003,154.83875944276744,164.64969608336,117.13860844458048
1970-01-01 00:00:00.000045310,155.98950454681534,155.30980505088422,163.3654768977652,117.18415972351097
1970-01-01 00:00:00.000045313,155.74668037337582,155.39979738867947,164.03729262830765,117.59797742681066
1970-01-01 00:00:00.000045314,156.50334774227372,155.3946549693769,162.39202961473424,117.32515177734344
1970-01-01 00:00:00.000045315,155.3373006758844,155.4476218881935,165.8150907179745,117.79729439863877
1970-01-01 00:00:00.000045316,155.92709572467888,155.47950488786955,166.12586262053836,117.66088157390516
1970-01-01 00:00:00.000045317,155.79174461169515,155.68314469225191,170.01051140258673,118.51984854802286
1970-01-01 00:00:00.000045320,156.9980247766192,155.87855662575015,172.0716603445912,118.25618135675329
1970-01-01 00:00:00.000045321,157.45603266800882,155.93820868966014,171.78373931721583,118.31161413005493
1970-01-01 00:00:00.000045322,157.72657649595055,155.8929553997974,172.51039714821076,118.5237047409482
1970-01-01 00:00:00.000045323,159.30810158382184,155.66103228925078,174.00941456057768,118.63553433578282
1970-01-01 00:00:00.000045324,158.48886699476176,156.3244043792843,173.94543211004984,118.96186466208904
1970-01-01 00:00:00.000045327,157.53317250653788,157.01914522706352,176.07513367761985,119.30675291684845
1970-01-01 00:00:00.000045328,158.46637447510855,155.95723564107968,176.58242310680498,119.3361563879041
1970-01-01 00:00:00.000045329,158.6524129563249,157.049999742879,176.31278277958046,119.51016709365969
1970-01-01 00:00:00.000045330,158.89349475148143,157.2017011123053,177.02573008546227,120.34551488610975
1970-01-01 00:00:00.000045331,158.18173322287709,157.1420490483953,178.99547552671265,120.2821287148996
1970-01-01 00:00:00.000045334,157.9176045149773,157.56527015699805,181.2257209451122,120.18355478324581
1970-01-01 00:00:00.000045335,155.81328674319403,157.94838039504066,177.8666422923998,120.40552688851022
1970-01-01 00:00:00.000045336,156.14140825348753,158.0517430230226,179.40222110506832,121.20640995669012
1970-01-01 00:00:00.000045337,157.17384658517614,157.9648361368089,182.81157168319547,121.40452186822905
1970-01-01 00:00:00.000045338,158.09508950280443,158.48010655092796,182.0392121018235,121.6395086246165
1970-01-01 00:00:00.000045341,158.51230990256937,158.44873779318218,181.2302911201499,121.85810656107125
1970-01-01 00:00:00.000045342,159.35783856390015,158.89098585320448,184.3562908459394,122.33699751998593
1970-01-01 00:00:00.000045343,160.0277830137125,158.93006823990413,183.52451898907728,121.99548343403622
1970-01-01 00:00:00.000045344,160.1716876200855,158.7943083703159,182.8572734335725,121.9540293600889
1970-01-01 00:00:00.000045345,159.74282496542963,159.23552794647767,183.51994881403957,121.25123819944712
1970-01-01 00:00:00.000045348,161.05404382239777,159.63612241014906,181.84269457520224,121.66746602332516
1970-01-01 00:00:00.000045349,161.03852081587652,159.7929661988779,178.37393172158494,121.17049916007299
1970-01-01 00:00:00.000045350,161.73919448267995,160.28663845192608,176.3447740048444,121.1437468216535
1970-01-01 00:00:00.000045351,162.91038948490544,160.3833159348147,177.4324756638179,121.18110369061765
1970-01-01 00:00:00.000045352,166.40076918081292,161.00863412200903,184.48882592203282,121.38331280713975
1970-01-01 00:00:00.000045355,170.02570799957547,162.31326589907488,181.2211507700745,121.45947261741506
1970-01-01 00:00:00.000045356,171.81853605376662,162.62335378302075,180.13344911110096,121.1480850386945
1970-01-01 00:00:00.000045357,173.89996531083236,163.11291210062686,179.21484392852247,120.4893990846362
1970-01-01 00:00:00.000045358,175.83590598126784,163.8436498835242,184.51167679722133,120.45638043271305
1970-01-01 00:00:00.000045359,177.18141801080588,163.7346305943094,186.9201590420913,120.85670146077408
1970-01-01 00:00:00.000045362,178.16760411898227,164.2735561372203,186.52255381381107,121.08373481925301
1970-01-01 00:00:00.000045363,176.30595212261272,164.70037693933486,185.10122937708516,121.08349380719517
1970-01-01 00:00:00.000045364,177.97689289600692,164.08122965530362,181.71472967414653,121.59419835774385
1970-01-01 00:00:00.000045365,177.25182593324155,165.29844030422552,180.3071157625337,122.29506142192292
1970-01-01 00:00:00.000045366,176.07635418432145,165.14571045093876,178.54759837301768,122.39459940180805
1970-01-01 00:00:00.000045369,178.04738001745545,165.82245283115896,176.91604588455738,122.66188177394514
1970-01-01 00:00:00.000045370,177.94901484347898,166.39994651883924,181.61418582331703,122.75587647650012
1970-01-01 00:00:00.000045371,181.89764002781467,165.35860661006575,181.7010191490334,122.90096573531575
1970-01-01 00:00:00.000045372,178.61396975548095,164.70860481021901,185.54910653078014,122.99640651021772
1970-01-01 00:00:00.000045373,176.53119411519654,164.6252976175171,184.41570312142954,123.06364887435318
1970-01-01 00:00:00.000045376,178.02464990076362,165.1467389347993,183.24573831177736,124.07903267400468
1970-01-01 00:00:00.000045377,178.79612748506702,165.45065591558202,178.5658790731685,124.15471046016432
1970-01-01 00:00:00.000045378,180.20452353081873,165.82193858922867,179.29253690416343,124.28051875435328
1970-01-01 00:00:00.000045379,184.22102226917843,166.12328436036015,184.63050134820162,124.27063725998211
1970-01-01 00:00:00.000045380,184.33356406645746,166.33669476141745,184.74475572414423,124.66927120363833
1970-01-01 00:00:00.000045383,184.7994126601206,164.9430991304169,186.15236963575705,125.0980316545237
1970-01-01 00:00:00.000045384,186.19236489836393,164.7816271643157,182.8572734335725,125.31470149451577
1970-01-01 00:00:00.000045385,186.89644412272045,164.29258308863987,182.5190804807824,125.61211037388202
1970-01-01 00:00:00.000045386,186.30316431735997,163.8904458991777,186.57739591426352,126.00158585934054
1970-01-01 00:00:00.000045387,190.02171636932715,164.74974416463968,195.27900918605184,126.03339945097454
1970-01-01 00:00:00.000045390,191.54922773042557,164.436056587182,195.4663863625977,126.01845670338886
1970-01-01 00:00:00.000045391,193.33065112676437,165.94895634600252,196.57236872172203,125.73719563189746
1970-01-01 00:00:00.000045397,196.82142681773612,166.6210705488504,193.67944792285545,126.6202638117985
1970-01-01 00:00:00.000045398,197.26723806114478,166.54084880773007,191.49947442987065,126.82705215741944
1970-01-01 00:00:00.000045399,195.7756038528736,166.51976488858946,190.88707097481833,126.41588558675592
1970-01-01 00:00:00.000045400,197.40908349318335,167.24381752639343,190.0507289429185,126.09172436897018
1970-01-01 00:00:00.000045401,197.47766983832312,167.09828706013033,193.81198299894885,126.26597608678362
1970-01-01 00:00:00.000045404,193.55003239239625,167.05766194763987,192.15300946026233,126.38841021216291
1970-01-01 00:00:00.000045406,192.13830998810428,167.3307244126071,194.0861935012111,126.78632111964563
1970-01-01 00:00:00.000045407,193.1362967491973,167.20679210741486,192.41807961244916,126.91550358264425
1970-01-01 00:00:00.000045408,193.21422857785498,166.63289811324634,197.03395640053014,127.12638913324834
1970-01-01 00:00:00.000045411,192.70775089059288,166.6930644190866,200.58498240482612,127.76507108650648
1970-01-01 00:00:00.000045412,189.04479654565583,166.61798509726887,199.78520177322793,127.99692468614205
1970-01-01 00:00:00.000045414,189.99890705362245,166.10734286052215,217.165577441616,128.3379567479761
1970-01-01 00:00:00.000045415,189.55159102896943,166.278071181368,217.56775284493398,127.66191792575383
1970-01-01 00:00:00.000045418,191.09929813834802,165.90678850772133,217.79169142178145,127.9913814088119
1970-01-01 00:00:00.000045419,190.176154444411,165.85073613732314,219.42324391024175,128.14346001730465
1970-01-01 00:00:00.000045420,189.93222148479143,165.7088053645718,217.11073534116358,128.34229496501712
1970-01-01 00:00:00.000045421,192.94241756570744,165.78131347673826,216.02303368219003,128.79828977843763
1970-01-01 00:00:00.000045422,193.5787816340657,165.58024488200718,212.86047255609887,129.4866202156094
1970-01-01 00:00:00.000045425,192.10417521356013,165.96644057163132,209.98126228234543,130.79290556906562
1970-01-01 00:00:00.000045426,193.65069433774576,165.9247869752804,212.91074448151366,130.86183501760593
1970-01-01 00:00:00.000045427,195.89614475045184,165.3802047711366,211.86874457291714,131.11923589537184
1970-01-01 00:00:00.000045428,195.34729559130773,165.9540987653051,214.27722681778712,130.89461265747127
1970-01-01 00:00:00.000045429,198.0414876108984,165.57921639814668,221.3244367259266,131.08380712287035
1970-01-01 00:00:00.000045432,199.0556309706156,165.23981672417605,223.04739271514097,131.29975392668896
1970-01-01 00:00:00.000045433,198.5293535301376,165.18787828921992,227.91462913029568,131.41447566621758
1970-01-01 00:00:00.000045434,195.3267830469761,165.5144219149341,227.03258534801884,131.7632201139023
1970-01-01 00:00:00.000045435,191.3698419662897,165.37249114218272,223.27133129198847,132.37876490960844
1970-01-01 00:00:00.000045436,191.49180844609955,165.58744426903078,219.82998948859742,132.22451719259516
1970-01-01 00:00:00.000045439,192.3199133246003,165.2166758373144,220.3784104931219,132.47541074479958
1970-01-01 00:00:00.000045440,193.7819271020606,165.7581725898766,220.68461222064806,132.62604328094537
1970-01-01 00:00:00.000045441,192.16618804063225,165.49590920544478,217.25698094237012,132.8082483966673
1970-01-01 00:00:00.000045442,192.48583525654936,165.60749970431087,217.18385814176685,132.7053362479725
1970-01-01 00:00:00.000045443,190.73918022685766,165.75148744478327,215.33750742653444,132.27512972474014
1970-01-01 00:00:00.000045446,192.6272846935236,165.4203156416968,217.89680544764866,132.57735884526303
1970-01-01 00:00:00.000045447,193.57767284788562,167.51173757205814,211.77277089712535,133.32811140541364
1970-01-01 00:00:00.000045448,193.5805240123487,165.74171684810835,212.82391115579728,134.160085029054
1970-01-01 00:00:00.000045449,195.4601541846382,165.74994471899248,209.55623600383893,133.6575748884717
1970-01-01 00:00:00.000045450,188.98571408205967,165.8070255732512,207.60477126273935,133.92413422443525
1970-01-01 00:00:00.000045453,190.5212245434573,166.2924699554152,203.96234175768933,133.87183460788543
1970-01-01 00:00:00.000045454,190.74725852616973,166.21379094008566,205.22828024313333,133.3671553587826
1970-01-01 00:00:00.000045455,191.10650524851857,166.13305495703506,208.6422009962982,133.1548237358315
1970-01-01 00:00:00.000045456,190.5289860467179,165.9911241842837,210.24176225949452,132.9393589561286
1970-01-01 00:00:00.000045457,194.78324022169386,167.78325731123462,210.81760431424524,133.24978248661782
1970-01-01 00:00:00.000045463,197.45042537789809,168.70220764060656,216.05045473241626,133.704813251807
1970-01-01 00:00:00.000045464,194.14077782934513,168.83693902633433,217.05132306567344,133.83351369068995
1970-01-01 00:00:00.000045467,195.4844682815873,169.27250194126327,216.51204241122434,133.80868944873313
1970-01-01 00:00:00.000045468,194.68249907733147,169.29152889268283,213.7653672135643,134.87950602168627
1970-01-01 00:00:00.000045469,192.21418264242755,168.86625081635904,210.50683241168136,134.97856197745574
1970-01-01 00:00:00.000045470,194.921838494205,168.69243704393168,213.83849001416752,135.14558333353418
1970-01-01 00:00:00.000045471,193.83475284364053,167.89227660044943,211.3431744435812,135.44564334553658
1970-01-01 00:00:00.000045474,193.9314548383469,167.79559911756084,219.98080526484162,136.11903103512267
1970-01-01 00:00:00.000045475,193.18619212730133,167.37032104123705,222.38928750971164,136.76156918130616
1970-01-01 00:00:00.000045476,195.53571004291004,167.30449807416394,228.53160276038574,136.89195670459395
1970-01-01 00:00:00.000045477,195.87198905152843,167.19547878494913,231.82669896257028,138.24740851784816
1970-01-01 00:00:00.000045478,198.89256020312962,167.82285393986453,230.5973218774279,139.0044273915024
1970-01-01 00:00:00.000045481,196.78341129156166,168.02597950231666,230.82583062931312,139.41945015509125
1970-01-01 00:00:00.000045482,198.218101409584,168.758774252935,228.3670764590284,139.27725304096964
1970-01-01 00:00:00.000045483,198.6836332071957,168.96138557345688,226.75837484575658,139.70673652802853
1970-01-01 00:00:00.000045484,202.84696691540435,168.67803826988444,232.27457611626528,139.26713053454066
1970-01-01 00:00:00.000045485,202.83461186939763,169.80988475838342,232.39797084228323,139.0668495144812
1970-01-01 00:00:00.000045489,207.6795322823096,169.97289945027535,233.39883917554042,139.63419189862068
1970-01-01 00:00:00.000045490,207.4753572271475,169.95798643429785,233.25259357433387,139.42643950476844
1970-01-01 00:00:00.000045491,205.79602135838977,169.95078704727425,232.5533567935652,139.44041820412275
1970-01-01 00:00:00.000045492,201.89325240250201,169.98215580502003,232.62647959416847,139.11432888987437
1970-01-01 00:00:00.000045495,200.90659110024856,169.22930561912156,232.28371646634068,139.30762056025665
1970-01-01 00:00:00.000045496,201.44055084497427,168.9423586220373,229.06174306475938,139.36401738178964
1970-01-01 00:00:00.000045497,200.92251010183406,168.56439080329733,226.8680590466615,139.34063921217978
1970-01-01 00:00:00.000045498,199.3664870961048,169.43243118157366,223.6278049449294,139.62334635601817
1970-01-01 00:00:00.000045499,200.22856835112407,169.20719321612046,223.1753576161967,139.71637701034183
1970-01-01 00:00:00.000045502,200.45262235851487,169.9353597893665,220.52922626936612,139.7980800979473
1970-01-01 00:00:00.000045503,203.20613443874035,170.10814507793336,220.17732279146293,139.96148627315824
1970-01-01 00:00:00.000045504,206.65699382722894,170.42028992960024,219.86198071386136,140.0007712385851
1970-01-01 00:00:00.000045505,206.62309664972332,170.1384853518186,222.17905945797725,139.57393888416237
1970-01-01 00:00:00.000045506,206.50889167317413,170.56376342814238,214.3640601435035,139.91569398216996
1970-01-01 00:00:00.000045509,204.5162445095284,171.37009477478776,202.24395594351265,141.08363841442988
1970-01-01 00:00:00.000045510,204.12991172478024,172.62895902006056,201.39847356153743,140.9105917569056
1970-01-01 00:00:00.000045511,203.62113726614507,171.90747759190788,204.72556098898588,140.07283384387722
1970-01-01 00:00:00.000045512,207.14295897015938,172.24996271746005,205.12316621726612,139.781209253899
1970-01-01 00:00:00.000045513,207.30777211592834,172.188253685829,199.94972807458527,140.08392039853754
1970-01-01 00:00:00.000045516,211.39444117968515,171.60253212726457,198.20392121018236,140.08608950705806
1970-01-01 00:00:00.000045517,210.31131547976383,172.42583345760843,201.1653946346145,140.262510333392
1970-01-01 00:00:00.000045518,209.6207000875941,172.78117463141712,198.29989488597414,140.39121077227495
1970-01-01 00:00:00.000045519,210.9365916863212,172.80688672793002,201.9651752662127,139.93690304325926
1970-01-01 00:00:00.000045520,215.16985812288834,173.11028946678255,197.86115808235456,139.59201478849988
1970-01-01 00:00:00.000045523,215.25254189231785,172.62587356847902,203.62414880489922,140.17646902874552
1970-01-01 00:00:00.000045524,216.95817183334628,174.10946153727483,202.28051734381424,140.19430392102518
1970-01-01 00:00:00.000045525,217.09352294632998,173.97473015154708,200.86833325716373,140.52762359700856
1970-01-01 00:00:00.000045526,215.09351027448793,173.3509546901435,200.68095608061788,140.6011322746477
1970-01-01 00:00:00.000045527,217.41301176422135,174.6303886126267,195.1464741099584,140.9443334450023
1970-01-01 00:00:00.000045530,217.99330293147224,174.68335553144328,192.8019743156163,141.64423246095
1970-01-01 00:00:00.000045531,218.8874597867012,174.84534173947472,197.8337370321283,141.66688759438634
1970-01-01 00:00:00.000045532,218.04327750858917,175.00269977013383,197.40871075362188,141.4854055148379
1970-01-01 00:00:00.000045533,218.65065473823933,175.19914018749262,198.64722818883965,141.49094879216807
1970-01-01 00:00:00.000045537,215.66390156513089,174.22465172965272,216.39321786024402,141.9941819689239
1970-01-01 00:00:00.000045538,215.85152402660452,174.7059821763747,213.66939353777246,142.4145069977851
1970-01-01 00:00:00.000045539,216.43522075140856,174.76871969186624,212.85590238106118,142.6861275869632
1970-01-01 00:00:00.000045540,217.83965684651702,174.42829153403508,210.21891138430604,141.59651207349907
1970-01-01 00:00:00.000045541,216.21861145122688,174.5877065324152,206.69987660527397,141.79534702121148
1970-01-01 00:00:00.000045544,217.68157561684154,175.0278976247165,204.00804350806635,141.93995425591143
1970-01-01 00:00:00.000045545,218.38304127377356,174.90499380338474,201.72752616425208,141.97682910075991
1970-01-01 00:00:00.000045546,217.52373198420455,174.67667038634994,197.2304739271514,142.39643109344763
1970-01-01 00:00:00.000045547,221.36250813769857,174.37223916363692,199.6435263470591,142.29641108944682
1970-01-01 00:00:00.000045548,222.75062923615718,174.20562477823313,203.34536812759927,142.38438049055594
1970-01-01 00:00:00.000045551,223.87842317933345,174.72860882130604,200.2559298021114,142.60755765610952
1970-01-01 00:00:00.000045552,223.31706057615696,175.25107862244874,204.6707188885334,142.61551105401804
1970-01-01 00:00:00.000045553,222.04765879798072,175.1955404939808,205.82240299803482,142.76060031283367
1970-01-01 00:00:00.000045554,224.54258610120684,174.9723594962486,209.0626570997669,142.55839119631156
1970-01-01 00:00:00.000045555,227.84954088332242,175.31844431531255,207.72359581371967,143.12067232723655
1970-01-01 00:00:00.000045558,228.40504275954703,175.45368994297056,207.97038526575568,143.85358999510746
1970-01-01 00:00:00.000045559,230.91295870088274,175.42694936259713,211.84589369772863,144.03675915906072
1970-01-01 00:00:00.000045560,231.18358172783732,175.38940970168827,209.13577990037018,144.95453307528976
1970-01-01 00:00:00.000045561,232.60243204328702,175.56116650639458,206.46222750331336,145.04587664520858
1970-01-01 00:00:00.000045562,231.25398965027298,175.67275700526065,205.8086924729217,144.76027735667617
1970-01-01 00:00:00.000045565,229.56673388022892,175.6676145859581,203.82066633152053,145.0579272481002
1970-01-01 00:00:00.000045566,231.6164043331364,175.90005193843496,196.81001782368264,145.49873830187724
1970-01-01 00:00:00.000045567,231.9156182037347,175.7776623590334,190.00502719254146,145.40474359932227
1970-01-01 00:00:00.000045568,231.5319781854239,175.3847815243159,185.17892235272612,144.91838126661477
1970-01-01 00:00:00.000045569,231.46046147680815,176.12786111353947,189.73538686531694,144.34236244839332
1970-01-01 00:00:00.000045572,230.649384386073,176.05072482400067,186.74649239065857,143.90420252725244
1970-01-01 00:00:00.000045573,228.80064182880022,176.0800366140254,187.8479045747452,143.4400133038656
1970-01-01 00:00:00.000045574,227.57717547808483,175.9154791963427,190.0141675426169,142.89604908933595
1970-01-01 00:00:00.000045575,229.78413517053923,175.62338977995586,185.82331703304234,143.30384149118981
1970-01-01 00:00:00.000045576,231.9709783137263,176.09803508158447,183.3965540880216,144.08110537770207
1970-01-01 00:00:00.000045579,231.20805422281214,176.1633438067273,180.11973858598785,144.82824275698513
1970-01-01 00:00:00.000045580,231.95149535656188,175.7123536338906,183.8718522919428,144.54577662520455
1970-01-01 00:00:00.000045581,232.67323596078694,175.66195792472524,186.15236963575705,143.93529308271295
1970-01-01 00:00:00.000045582,234.567676348482,175.48248749106503,185.59937845619487,144.2148670697995
1970-01-01 00:00:00.000045583,237.4080697458187,174.7651199983544,180.179150861478,144.45371001911224
1970-01-01 00:00:00.000045586,237.31841646325717,175.315358863731,176.63726520725746,144.5590322883854
1970-01-01 00:00:00.000045587,239.5821618479347,176.0543245175125,180.6453087153238,144.57879527712774
1970-01-01 00:00:00.000045588,237.50706851189807,176.14174564565644,178.28252822083087,144.51082987681875
1970-01-01 00:00:00.000045589,238.71453666201506,175.96381793778698,181.01549289337783,144.41080987281794
1970-01-01 00:00:00.000045590,240.04302090378746,176.29601822473398,181.2531419953384,144.19558610517288
1970-01-01 00:00:00.000045593,239.61075269157845,176.2934470150827,181.86097527535304,144.58843575944104
1970-01-01 00:00:00.000045595,243.1914192621503,175.89336679334158,183.36913303779534,144.73786323529768
1970-01-01 00:00:00.000045596,239.9131345226913,176.14843079074979,178.50189662264063,144.76124140490748
1970-01-01 00:00:00.000045597,239.18109804679398,176.3952669172739,188.49229925506148,144.41707618632162
1970-01-01 00:00:00.000045600,239.34591119256288,176.55828160916585,182.59677345642336,144.8055876235488
1970-01-01 00:00:00.000045601,239.74824217790948,176.4456626264392,182.01179105159727,144.46744770640876
1970-01-01 00:00:00.000045602,232.0106570191709,175.79977476203453,186.60481696448974,144.235835118831
1970-01-01 00:00:00.000045603,236.81613632367683,175.96176097006597,187.8387642246698,144.42647565657708
1970-01-01 00:00:00.000045604,234.89278829628665,176.75626475231536,194.2004478771537,144.8882547593856
1970-01-01 00:00:00.000045607,229.39867357493253,176.4718889648824,195.57607056350258,146.12006738697136
1970-01-01 00:00:00.000045608,227.49663008200264,176.62410457623892,194.04049175083406,146.92793980482844
1970-01-01 00:00:00.000045609,224.92749330372342,176.64261728572822,195.6126319638042,146.76622071402232
1970-01-01 00:00:00.000045610,225.160417600555,176.47857410997577,197.97998263333486,146.7341661103305
1970-01-01 00:00:00.000045611,224.7271198011788,176.99435876602504,196.23874594396966,147.12605171636736
1970-01-01 00:00:00.000045614,230.0210986170268,177.50654372856252,196.2844476943467,147.71026494455518
1970-01-01 00:00:00.000045615,231.49586343555814,176.3849820786687,192.806544490654,147.34199852018597
1970-01-01 00:00:00.000045616,232.92223765722983,177.1126344099845,187.1303870938257,147.14918887391937
1970-01-01 00:00:00.000045617,234.69946350588685,177.18977069952328,194.50207942964215,147.04892785786072
1970-01-01 00:00:00.000045618,239.1507648248672,177.6366469369179,198.51469311274622,147.83077097347183
1970-01-01 00:00:00.000045621,230.10013923186457,177.6459032916626,200.53014030437365,149.4780883887621
1970-01-01 00:00:00.000045622,232.2341566334717,177.97141843351622,200.04570175037705,150.72363870364435
1970-01-01 00:00:00.000045623,232.61066874062482,178.03364170707752,200.4798683789589,150.61903947054475
1970-01-01 00:00:00.000045624,232.95724362091553,178.00227294933174,199.9680087747361,150.7754562960785
1970-01-01 00:00:00.000045625,234.46915277647977,178.39721075177027,199.94972807458527,151.46933001058045
1970-01-01 00:00:00.000045628,233.8091874022882,178.44914918672637,200.08226315067867,151.78047657724315
1970-01-01 00:00:00.000045629,233.88933680330607,178.47846097675108,203.95777158265162,151.7313101174452
1970-01-01 00:00:00.000045630,234.47160794587853,178.03055625549592,204.72556098898588,151.9446057886276
1970-01-01 00:00:00.000045631,233.19880061014916,178.32778809118534,204.59759608793019,152.25358324676986
1970-01-01 00:00:00.000045632,233.01466290524155,178.63530476547996,206.99236780768703,151.10829394794624
1970-01-01 00:00:00.000045635,235.97615159324653,178.98653200384652,210.9958411407157,151.54717690526059
1970-01-01 00:00:00.000045636,239.3109052288772,179.1027506800849,207.1568941090444,151.71588534574386
1970-01-01 00:00:00.000045637,241.4957683967427,179.23388237230085,206.4073854028609,151.53368023002193
1970-01-01 00:00:00.000045638,238.5972429239642,179.3166753230725,204.70728028883505,150.76099557260852
1970-01-01 00:00:00.000045639,235.78860833078576,179.59282323962128,206.02349069969378,150.55734038373942
1970-01-01 00:00:00.000045642,236.06833924421963,179.7316685607911,202.71468397239616,150.807992923886
1970-01-01 00:00:00.000045643,236.03190769830243,179.85405814019265,203.28138567707143,150.99839244957428
1970-01-01 00:00:00.000045644,231.00910630249905,180.149233008161,201.05114025867192,151.06804493428808
1970-01-01 00:00:00.000045645,232.17863812545437,180.3317888934028,196.7551757232302,152.28684291075083
1970-01-01 00:00:00.000045646,235.09165701758695,180.8012917757288,195.67661441433205,151.88531682240065
1970-01-01 00:00:00.000045649,234.76321871124196,180.82906083996275,193.37324619532927,151.9973874292931
1970-01-01 00:00:00.000045650,233.91048293974066,180.43463727945448,194.19587770211598,152.12343673553988
1970-01-01 00:00:00.000045651,234.52158252299543,180.96430646762073,200.37475435309173,151.6153833176274
1970-01-01 00:00:00.000045652,236.23932991299193,180.66141797069847,200.17366665143274,153.48081664525677
1970-01-01 00:00:00.000045653,233.7005263566395,180.34567342551975,201.5081577624423,154.49620044490825
1970-01-01 00:00:00.000045656,234.51009866613023,181.5906531386756,198.0348247337873,155.0727012872454
1970-01-01 00:00:00.000045657,236.30641147688735,181.70738605684429,197.2304739271514,155.30624197128583
1970-01-01 00:00:00.000045659,239.66334083611983,181.77218054005687,210.48398153649285,155.5103791842706
1970-01-01 00:00:00.000045660,237.73191450941752,181.72075634703103,213.7927882637905,156.7409867515672
1970-01-01 00:00:00.000045663,237.14948496881934,181.48986172034495,213.81106896394132,157.9180896420248
1970-01-01 00:00:00.000045664,238.45104154621816,181.6230503802819,211.12380604177142,158.09788463716842
1970-01-01 00:00:00.000045665,239.72709604147494,181.41478239852722,210.44742013619123,158.25622955916486
1970-01-01 00:00:00.000045666,240.58442535572232,181.67704578295903,212.0195603491614,158.35649057522346
1970-01-01 00:00:00.000045667,242.6321950323211,181.96553550583405,208.85699922307026,158.73391545779037
1970-01-01 00:00:00.000045670,241.08504231603257,182.4062408400656,206.20629770120195,159.99344447202694
1970-01-01 00:00:00.000045671,241.74564128232709,182.40726932392613,205.74928019743157,159.99513155643177
1970-01-01 00:00:00.000045672,243.44889525296955,182.28487974452457,206.20629770120195,159.96741516978094
1970-01-01 00:00:00.000045673,245.74178587438084,182.1892307454965,207.39454321100496,160.01682264163676
1970-01-01 00:00:00.000045674,243.9713711408301,182.1995155841017,209.6065079292537,160.36436202903232
1970-01-01 00:00:00.000045677,245.57000321547991,182.84540344850637,210.7947534390567,161.360705876115
1970-01-01 00:00:00.000045678,249.05523497555126,182.2576249222209,210.0635254330241,162.0724144828966
1970-01-01 00:00:00.000045679,250.13851907349823,183.26553910552755,212.69594625474159,163.25385559039518
1970-01-01 00:00:00.000045680,250.30372821433153,183.1734898000113,211.54426214524017,163.77420062325717
1970-01-01 00:00:00.000045681,251.75409973690086,183.3035930083667,210.84959553950915,163.94700626872364
1970-01-01 00:00:00.000045684,249.62253750469253,183.7823522454374,208.8387185229194,165.67458069927238
1970-01-01 00:00:00.000045685,251.55293424422757,183.5442582317277,212.18408665051874,166.36508024496467
1970-01-01 00:00:00.000045686,251.7077683143757,184.0893546778017,211.72706914674833,165.17881889630942
1970-01-01 00:00:00.000045687,255.32668800816066,183.93251088907286,210.9958411407157,165.45260859400796
1970-01-01 00:00:00.000045688,254.94764153259592,183.57254153789188,208.76559572231614,165.6174608415659
1970-01-01 00:00:00.000045691,257.7976180104891,184.82163518648983,203.59215757963528,166.381951089013
1970-01-01 00:00:00.000045692,260.31289946002113,184.7676397838127,203.86636808189755,165.73579776196203
1970-01-01 00:00:00.000045693,262.43812577120036,184.5033194316598,202.4404734701339,164.91442866886632
1970-01-01 00:00:00.000045694,261.90440362351325,184.42001223895792,204.43306978657284,164.72933140845038
1970-01-01 00:00:00.000045695,262.1306752032643,185.05664374861797,206.49878890361498,164.46349510866028
1970-01-01 00:00:00.000045698,267.76473458034815,185.09264068373605,203.4459119784288,164.92334611500615
1970-01-01 00:00:00.000045699,265.9717481281313,185.24022811772025,204.45135048672364,164.6902874550814
1970-01-01 00:00:00.000045700,266.8602026544341,185.60842533978536,202.25766646862576,164.375766719609
1970-01-01 00:00:00.000045701,270.20382657950546,185.75087035446694,204.56103468762853,163.4360607061171
1970-01-01 00:00:00.000045702,265.94418687165484,186.222430204514,203.62871897993693,163.57488365142908
1970-01-01 00:00:00.000045705,267.5862200053539,186.21420233362986,202.27594716877655,164.51193853228477
1970-01-01 00:00:00.000045706,271.1927054541192,186.43789757329233,204.45135048672364,164.63630075412675
1970-01-01 00:00:00.000045707,271.42135300425616,186.49086449210895,200.72208765595724,164.73583873401188
1970-01-01 00:00:00.000045708,272.58486570223386,186.41372820257016,200.8317718568621,165.17279359486358
1970-01-01 00:00:00.000045709,272.37641390037714,187.0925275505114,196.3895617202139,165.27184955063302
1970-01-01 00:00:00.000045712,274.0090223515454,187.30593795156867,195.78629861523694,165.5420240674641
1970-01-01 00:00:00.000045713,271.0061125798128,187.2797116131255,193.8485443992505,165.6581918793397
1970-01-01 00:00:00.000045714,270.95930596321045,187.42575632131891,196.82829852383347,166.29976597729186
1970-01-01 00:00:00.000045715,267.62075077496235,187.22931590396016,199.5338421461542,166.6552587625959
1970-01-01 00:00:00.000045716,265.9235159292974,187.15063688863063,196.95626342488916,167.28333618530934
1970-01-01 00:00:00.000045719,268.4232743723082,187.39798725708496,212.44001645263015,167.31442674076987
1970-01-01 00:00:00.000045720,270.7473694047877,187.39181635392183,211.76363054704996,168.1155508210076
1970-01-01 00:00:00.000045721,271.0215563873212,187.30799491928974,218.7651387048124,167.7301725405322
1970-01-01 00:00:00.000045722,270.5618853166614,187.10898329227965,224.0848224486998,167.8060913387497
1970-01-01 00:00:00.000045723,270.1632766849194,187.62682491605,224.2127873497555,167.99697288855361
1970-01-01 00:00:00.000045726,268.61176802292334,187.88857405855157,221.61692792833966,168.51466678877946
1970-01-01 00:00:00.000045727,271.8977350666301,188.01764878304647,221.6717700287921,168.56335122446177
1970-01-01 00:00:00.000045728,273.8060352815762,187.3763890960141,225.74836616242405,168.54117811514112
1970-01-01 00:00:00.000045729,278.9535751226397,187.25194254889155,226.97317307252865,168.64722342058772
1970-01-01 00:00:00.000045730,277.6426730617229,187.7666987210803,228.2711027832366,168.72290120674737
1970-01-01 00:00:00.000045733,280.00747638681435,187.5188341106957,228.7098395868562,168.9294485403105
1970-01-01 00:00:00.000045734,283.6191097714158,188.63679606707768,226.62583976966317,168.93137663677317
1970-01-01 00:00:00.000045735,295.13266626644764,193.61208674232876,203.9760522828024,168.63999305885272
1970-01-01 00:00:00.000045736,294.64044440150093,192.6350270748376,203.00717517480916,165.6203529862599
1970-01-01 00:00:00.000045737,291.44183386898266,192.22363353063082,184.15977331931813,162.9952496523401
1970-01-01 00:00:00.000045740,291.4727214839994,195.136299823615,192.22156208582788,161.44867527722414
1970-01-01 00:00:00.000045741,292.5407993714766,195.13578558168473,200.74036835610804,157.43196832137514
1970-01-01 00:00:00.000045742,292.628789474768,195.3754223211852,199.6435263470591,159.9112593603058
1970-01-01 00:00:00.000045743,295.93582345589647,194.96042908346658,197.13907042639732,159.88908625098514
1970-01-01 00:00:00.000045744,298.4087334335465,194.77375926278276,199.11338604268542,159.4164616055741
1970-01-01 00:00:00.000045749,305.73044457573883,194.98922663156105,196.06050911749918,158.79971174957882
1970-01-01 00:00:00.000045750,301.6197782110844,195.09464622726404,193.72057949819478,159.66349896485323
1970-01-01 00:00:00.000045751,293.7865206448067,195.3641089987195,190.88707097481833,160.45064434573663
1970-01-01 00:00:00.000045754,288.584571081906,195.1676685813608,190.77738677391346,161.71330651672505
1970-01-01 00:00:00.000045755,288.1292559569538,195.12858619466112,192.8248251908048,160.61380950888972
1970-01-01 00:00:00.000045756,298.4510257064156,195.26074637073756,188.32777295370414,160.5364446383253
1970-01-01 00:00:00.000045757,308.6113878676616,194.879693100416,189.75366756546777,160.5084872396166
1970-01-01 00:00:00.000045758,313.71433866448285,194.69405176359268,190.00959736757918,160.55813572353023
1970-01-01 00:00:00.000045761,311.28625532811355,195.54306519044948,191.27096567798546,160.24819421715668
1970-01-01 00:00:00.000045762,315.6235892675833,195.8156134134865,189.9364745669759,159.2843869978815
1970-01-01 00:00:00.000045763,325.55221511719077,196.0758198301973,187.3954572460125,158.9742044794501
1970-01-01 00:00:00.000045764,321.87785611440137,193.3986763412715,188.25465015310087,158.62618306793888
1970-01-01 00:00:00.000045768,334.5782098171928,196.28665902160327,186.48142223847174,160.65116637785388
1970-01-01 00:00:00.000045769,326.5850494439437,196.76644674253447,187.26749234495682,161.89695770479398
1970-01-01 00:00:00.000045771,328.8539427644573,197.19326754464905,190.4848955715004,161.21899078610903
1970-01-01 00:00:00.000045772,324.69623218616204,197.58974807287834,189.26008866139574,161.52146091868977
1970-01-01 00:00:00.000045775,326.8826001352719,197.64322923362525,186.97500114254376,161.62581913973156
1970-01-01 00:00:00.000045776,325.11519496421,197.83555571554191,185.11036972716056,161.42818925230827
1970-01-01 00:00:00.000045777,321.19230945905485,197.9358328919423,180.7778437914172,161.07390152729343
1970-01-01 00:00:00.000045779,318.2097538336282,198.34208401684657,192.4774918879393,161.4279482402505
1970-01-01 00:00:00.000045782,327.8883483996255,198.35339733931227,190.97847447557243,163.34977838941282
1970-01-01 00:00:00.000045783,332.51000679527533,198.6151464818138,190.8505095745167,163.45678774309079
1970-01-01 00:00:00.000045784,332.3329178025125,198.7601627061467,189.9364745669759,163.38159198104682
1970-01-01 00:00:00.000045785,327.1478376293518,198.60948982058096,194.1044742013619,163.4177437897218
1970-01-01 00:00:00.000045786,328.27784914488825,199.3258288294311,196.6454915223253,163.14636421260158
1970-01-01 00:00:00.000045789,319.8378479410633,199.3839381675503,205.84068369818564,163.82987440861666
1970-01-01 00:00:00.000045790,321.3731208054222,199.48164413429942,204.34166628581875,164.17090647045075
1970-01-01 00:00:00.000045791,314.4885882142365,199.37982423210823,204.43306978657284,164.3976988168718
1970-01-01 00:00:00.000045792,320.1136981028668,199.0429957677889,199.46071934555093,164.30780131930004
1970-01-01 00:00:00.000045793,316.9772587954464,199.80715927615304,202.1114208674192,164.4909704832533
1970-01-01 00:00:00.000045797,325.52655463702297,199.66522850340172,198.58324573831177,165.75869390745618
1970-01-01 00:00:00.000045798,328.3716999751315,199.7829899054309,195.84114071568942,166.59813890488942
1970-01-01 00:00:00.000045799,328.1566746552071,200.17278528856684,196.71861432292857,167.794040735858
1970-01-01 00:00:00.000045800,332.4470435800488,200.08742112814392,193.9582286001554,168.3122166601995
1970-01-01 00:00:00.000045803,332.2034274164807,200.3409423997614,194.2141584022668,168.74314621960536
1970-01-01 00:00:00.000045804,329.112923536521,200.35482693187836,191.54517618024772,169.02127413434494
1970-01-01 00:00:00.000045805,324.56238585442264,200.78576166943498,190.53973767195285,169.28373626532536
1970-01-01 00:00:00.000045806,332.7381791513351,201.09584955338087,189.73538686531694,169.52137415434896
1970-01-01 00:00:00.000045807,328.3640968698966,201.63323237050102,186.49970293862253,169.7006871253769
1970-01-01 00:00:00.000045810,337.96602679144206,201.5154709684718,187.65138704812395,169.92049012212084
1970-01-01 00:00:00.000045811,334.925655886625,201.32828690585774,191.85594808281158,169.4008681254323
1970-01-01 00:00:00.000045812,337.96048286054156,201.43936316279354,195.67661441433205,169.84915055300218
1970-01-01 00:00:00.000045813,336.29373963482914,201.9818883992163,196.09707051780083,170.15644092673955
1970-01-01 00:00:00.000045818,331.9014415804321,201.51855642005336,199.24135094374114,170.94720148849046
1970-01-01 00:00:00.000045819,335.8488787795749,201.43730619507255,199.60696494675747,171.40199124162183
1970-01-01 00:00:00.000045820,339.5172186573866,202.3696268146312,195.53036881312553,172.12623247541075
1970-01-01 00:00:00.000045821,344.4958270040122,202.68485711787966,190.15584296878572,172.1083975831311
1970-01-01 00:00:00.000045824,340.8171912545282,202.34854289549057,191.80110598235913,171.361260203848
1970-01-01 00:00:00.000045825,340.85964192542303,203.12967638755327,191.6731410813034,171.4692336057573
1970-01-01 00:00:00.000045826,339.5583229450628,203.26440777328102,188.32777295370414,171.59576493611974
1970-01-01 00:00:00.000045827,340.3597377562285,203.74419549421222,185.87815913349482,171.900404177221
1970-01-01 00:00:00.000045828,340.2754700065418,204.0383418783201,187.5965449476715,172.63283982097624
1970-01-01 00:00:00.000045831,338.4857307138524,203.71848339769926,186.60938713952743,173.13052972040194
1970-01-01 00:00:00.000045832,335.7427521023378,203.4058243041021,193.99479000045702,173.17632201139023
1970-01-01 00:00:00.000045833,338.14596694866793,204.44664997094532,193.08075499291624,174.26955270572188
1970-01-01 00:00:00.000045834,336.9724751750694,204.54487017962472,189.4611763630547,174.63396293716576
1970-01-01 00:00:00.000045835,332.6391803852557,205.23086891458954,191.83766738266075,174.98849167423847
1970-01-01 00:00:00.000045838,335.89227983862406,204.73822514540188,203.3545084776747,175.7758780671797
1970-01-01 00:00:00.000045839,338.75112660595795,204.86987107954806,218.47264750239935,177.65046985300677
1970-01-01 00:00:00.000045840,340.35498581545676,204.53921351839188,221.10506832411681,180.04347857523314
1970-01-01 00:00:00.000045841,337.8069159745993,204.7855354029857,221.086787623966,180.3652296724405
1970-01-01 00:00:00.000045842,338.61062755713806,204.91203891782925,221.90941913075272,180.7289168677109
1970-01-01 00:00:00.000045845,339.97942409645805,205.49981744411477,218.30812120104198,180.80820983473805
1970-01-01 00:00:00.000045846,336.88115871323777,205.9281809720201,215.21868287555415,180.15313906154725
1970-01-01 00:00:00.000045847,338.3285206733183,205.87624253706397,218.8382615054157,180.08083544419728
1970-01-01 00:00:00.000045848,339.87313902119524,206.10250898637773,221.8911384306019,180.17025091765342
1970-01-01 00:00:00.000045849,343.4238683649047,206.63012120682293,221.70833142909373,180.37270104623335
1970-01-01 00:00:00.000045852,342.6704481555342,206.58898185240227,218.4360861020977,180.81977841351403
1970-01-01 00:00:00.000045854,343.0030840095609,207.00706054170243,215.49289337781636,180.69493416755643
1970-01-01 00:00:00.000045855,343.25945121420006,207.17830310447854,220.13619121612356,180.26279954786136
1970-01-01 00:00:00.000045856,344.7053875920491,207.72545651827357,219.18559480828117,179.988768838105
1970-01-01 00:00:00.000045859,349.43174708270436,207.67403232524774,224.560120652621,180.70240554134924
1970-01-01 00:00:00.000045860,352.92751231148657,207.72031409897102,223.79233124628675,181.84287459901617
1970-01-01 00:00:00.000045861,349.18425016750587,207.9954335316593,223.24391024176228,182.45480421385486
1970-01-01 00:00:00.000045862,347.9038397265416,209.11288124611102,224.37731365111281,182.8102969991589
1970-01-01 00:00:00.000045863,344.645037944247,208.5888687191776,223.11594534070656,183.0445607193728
1970-01-01 00:00:00.000045866,342.3729766632188,208.53384483263991,220.73945432110048,183.45018401270616
1970-01-01 00:00:00.000045867,343.9535513629358,208.68606044399644,219.3135597093369,183.31714535678222
1970-01-01 00:00:00.000045868,339.73097679310524,208.72205737911455,221.90941913075272,183.02552076680396
1970-01-01 00:00:00.000045869,340.54403385916197,208.95295200580065,223.37187514281797,182.59242209887762
1970-01-01 00:00:00.000045870,348.05764420952255,208.86964481309874,223.0428225401033,183.35594829809335
1970-01-01 00:00:00.000045873,349.9551733587192,209.07225613362058,225.43759425986013,183.84857694430454
1970-01-01 00:00:00.000045874,350.3595635184003,209.142707278066,224.35903295096202,184.69308319495227
1970-01-01 00:00:00.000045875,348.87260205188795,208.97917834424385,225.98601526438463,184.88878498591285
1970-01-01 00:00:00.000045876,352.7284851921606,208.8218203135847,226.15054156574197,185.04471978733096
1970-01-01 00:00:00.000045877,351.9864696406424,209.0537434241313,226.40647136785338,184.98012855583167
1970-01-01 00:00:00.000045880,347.02821544032275,208.50864697805727,227.7044010785613,185.48384375670315
1970-01-01 00:00:00.000045881,347.6096153937537,209.43273972673185,225.58383986106668,185.90681991820054
1970-01-01 00:00:00.000045882,349.24634219359086,209.68060433711645,226.04085736483705,185.64050159429476
1970-01-01 00:00:00.000045883,346.8584127567434,209.96755133420066,222.4944015355788,185.48697691345498
1970-01-01 00:00:00.000045884,347.11367117520246,209.81070754547181,223.15250674100818,185.48022857583567
1970-01-01 00:00:00.000045887,346.75513724396933,210.22981471863253,224.17622594945388,185.95960155886598
1970-01-01 00:00:00.000045888,345.1539708009079,210.29100950833327,223.90201544719162,186.1618106753881
1970-01-01 00:00:00.000045889,348.82349866391263,210.46739449041195,227.50331337690236,186.59346327096748
1970-01-01 00:00:00.000045890,348.6746045197292,210.4997917320182,231.01320780585897,186.56719295666363
1970-01-01 00:00:00.000045891,351.7294688439003,210.5085338448326,231.83583931264567,187.12127967762228
1970-01-01 00:00:00.000045894,350.3658202404165,210.7887956968235,233.48110232621912,187.56618793638248
1970-01-01 00:00:00.000045895,354.38897169585675,211.01814759771878,233.57250582697318,187.96964212119533
1970-01-01 00:00:00.000045896,354.9477207316088,211.03408909755683,230.4465061011837,188.55265028909395
1970-01-01 00:00:00.000045897,357.7777390582604,211.03871727492916,229.80668159590513,188.59675549567746
1970-01-01 00:00:00.000045898,361.2325583973921,211.3662893845038,226.93661167222703,188.88813907359787
1970-01-01 00:00:00.000045901,364.55836254456926,211.4321123515769,239.36748777478178,189.53356936447528
1970-01-01 00:00:00.000045902,370.0443989666113,211.5488452697456,229.1668570906266,189.60153476478428
1970-01-01 00:00:00.000045903,373.11819185485666,211.64603699456444,225.91289246378133,189.23447340070425
1970-01-01 00:00:00.000045904,373.16563206356193,211.64963668807627,226.3333485672501,186.81423031594272
1970-01-01 00:00:00.000045905,376.4881890512117,212.06360144193437,224.61496275307346,186.46717295266285
1970-01-01 00:00:00.000045908,382.0363174993387,212.1340525863798,218.25327910058957,186.9590785627005
1970-01-01 00:00:00.000045909,381.78557342461283,212.1793058762425,219.95338421461543,187.05524237377597
1970-01-01 00:00:00.000045910,383.1256207222633,212.23741521436176,223.17078744115898,187.09645543566543
1970-01-01 00:00:00.000045911,382.38035801121777,212.50430677616586,218.69201590420911,187.19719847583974
1970-01-01 00:00:00.000045912,383.7420266393799,212.56961550130873,218.2898405008912,187.43917458190433
1970-01-01 00:00:00.000045915,386.81732430886984,212.45442530893084,232.14661121520956,187.7491160882779
1970-01-01 00:00:00.000045916,388.6502270635699,212.05383084525943,234.41341803391072,188.99297931875532
1970-01-01 00:00:00.000045917,385.9059020688366,212.22507340803554,233.8101549289338,190.14357088285126
1970-01-01 00:00:00.000045918,383.7851109023777,212.33049300373855,230.00776929756407,190.75477746151643
1970-01-01 00:00:00.000045919,388.2345114450493,212.78971104745938,236.13180384808737,190.45785060626582
1970-01-01 00:00:00.000045922,394.9697538969874,212.7187456610837,240.336364882775,190.72127678547758
1970-01-01 00:00:00.000045923,397.056489487915,212.93112757828047,237.10068095608062,192.20615207378827
1970-01-01 00:00:00.000045924,395.31902154371545,213.15636554373373,237.41145285864448,191.82487099829606
1970-01-01 00:00:00.000045925,396.29617896442534,213.33429325160313,236.68022485261187,191.7810068037704
1970-01-01 00:00:00.000045926,398.27322392253706,212.69046235491948,230.17229559892144,191.9326033881475
1970-01-01 00:00:00.000045929,405.8486095029312,213.825394295,228.7098395868562,191.27512249437842
1970-01-01 00:00:00.000045930,409.1049561158269,213.84853518186168,228.41734838444313,191.26258986737108
1970-01-01 00:00:00.000045931,409.3072303946803,213.75597163441512,233.18861112380606,192.05817067027863
1970-01-01 00:00:00.000045932,409.56415199240956,213.9493266001923,229.27654129153146,193.01354246752965
1970-01-01 00:00:00.000045933,412.5215223317457,214.40391646654084,223.13422604085736,193.2456370792231
1970-01-01 00:00:00.000045936,421.66789953130024,214.38746072477258,220.75773502125134,192.68407898447163
1970-01-01 00:00:00.000045937,424.4533288137096,214.4455700628918,222.32987523422145,192.33774465736522
1970-01-01 00:00:00.000045938,426.40851484427094,214.41420130514598,220.30071751748093,191.92995225551135
1970-01-01 00:00:00.000045939,424.95275778882683,214.80142547863065,217.85110369727158,192.21699761639078
1970-01-01 00:00:00.000045940,427.96699301939896,215.18916389404558,217.8328229971208,192.24953424419826
1970-01-01 00:00:00.000045943,439.45330505400574,214.99118075089604,213.48201636122664,192.6607008148618
1970-01-01 00:00:00.000045944,443.47645650944605,215.04209070199164,208.16233261733922,192.87447851015986
1970-01-01 00:00:00.000045945,448.71745118568833,215.19842024879026,211.17864814222384,192.80699513396655
1970-01-01 00:00:00.000045946,466.16974566029006,215.17733632964965,208.3085782185458,192.6014118486348
1970-01-01 00:00:00.000045947,453.57163788310544,215.46788302024572,204.1954206846122,192.48669010910618
1970-01-01 00:00:00.000045950,465.6433098217864,214.49030911082426,210.46570083634202,192.97955976737518
1970-01-01 00:00:00.000045951,437.66103139290465,215.83505175845028,210.0635254330241,193.03282343215633
1970-01-01 00:00:00.000045952,437.1965291824602,215.85150750021853,212.1475252502171,193.44206190635717
1970-01-01 00:00:00.000045953,441.1110987912647,215.88081929024327,212.9701567570038,193.5370206571435
1970-01-01 00:00:00.000045954,439.0977806852615,215.70443430816462,220.0447877153695,193.88889826158004
1970-01-01 00:00:00.000045957,427.29253422585344,215.30538257028397,217.26612129244552,194.35236444879337
1970-01-01 00:00:00.000045958,423.615244859588,215.7491733560971,217.9425071980257,194.86258697522635
1970-01-01 00:00:00.000045960,432.0420990272777,215.7995690652624,215.94991088158676,195.63527163263979
1970-01-01 00:00:00.000045961,428.72397718434837,216.29118435058956,217.9425071980257,195.6258721623843
1970-01-01 00:00:00.000045964,428.1876414692367,216.27884254426334,230.4465061011837,195.8186818086509
1970-01-01 00:00:00.000045965,421.80309224625825,216.20941988367846,226.42475206800418,196.72127196523644
1970-01-01 00:00:00.000045966,425.96167401369513,216.4701405423195,227.79580457931542,196.47351156978382
1970-01-01 00:00:00.000045967,428.333684448957,216.53493502553206,229.87980439650838,196.51882183665649
1970-01-01 00:00:00.000045968,430.08247785199603,217.0728320845825,225.82148896302726,196.48821330531166
1970-01-01 00:00:00.000045971,443.0480690488674,217.1880222769604,222.31159453407065,196.555696681505
1970-01-01 00:00:00.000045972,445.6037419949598,217.1597389707962,216.97363009003246,196.1303103994293
1970-01-01 00:00:00.000045973,451.08272970485694,216.49071021952983,219.5877702115991,195.67744874276062
1970-01-01 00:00:00.000045974,450.24179458627225,217.1309414227017,218.1618755998355,195.52898531513532
1970-01-01 00:00:00.000045975,439.73691671907,217.25435948596376,216.99191079018325,195.2366376889836
1970-01-01 00:00:00.000045978,435.57928533978753,217.6158715629355,219.07591060737624,195.73360455223573
1970-01-01 00:00:00.000045979,439.25594111394986,217.73877538426726,219.60605091174995,195.9348496205265
1970-01-01 00:00:00.000045980,442.6257007132663,217.67706635263627,224.15794524930303,196.17272852160795
1970-01-01 00:00:00.000045981,441.2448659239911,217.8668216249016,225.38275215940772,196.80273404078406
1970-01-01 00:00:00.000045982,439.380045967107,218.24581792750215,223.86545404688997,197.70363711296477
1970-01-01 00:00:00.000045985,447.58039095800706,218.15325438005564,222.5675243361821,197.9241631458822
1970-01-01 00:00:00.000045986,446.98758634672373,218.2566170080376,221.72661212924453,197.99670777529
1970-01-01 00:00:00.000045987,450.28487884927,218.2879857657834,224.2127873497555,198.12010594890063
1970-01-01 00:00:00.000045988,450.50687368232644,218.2566170080376,224.2127873497555,199.13187456768463
1970-01-01 00:00:00.000045989,456.59300102483525,218.43300199011625,223.60952424477856,200.51938098463066
1970-01-01 00:00:00.000045992,456.8770878839766,218.1038871547508,227.72268177871214,201.64514830676978
1970-01-01 00:00:00.000045993,455.6735796845028,217.73568993268572,227.13769937388602,203.12327525746113
1970-01-01 00:00:00.000045994,454.7673053803057,218.24324671785087,224.65152415337508,203.05555086921
1970-01-01 00:00:00.000045995,455.5154984548272,218.50191040877087,220.68461222064806,204.67539290990732
1970-01-01 00:00:00.000045996,455.3014235230572,218.67778114891928,222.6040857364837,205.06751952800198
1970-01-01 00:00:00.000045999,454.40964263821417,218.91176122718693,226.13226086559118,205.55966615009754
1970-01-01 00:00:00.000046000,456.39128113907185,219.0002108391914,227.10113797358437,206.08748255675232
1970-01-01 00:00:00.000046001,459.07311811265583,219.10614467682464,226.35162926740097,205.77320283333776
1970-01-01 00:00:00.000046002,464.3054008974832,219.07734712873017,226.62583976966317,205.96745855195135
1970-01-01 00:00:00.000046003,467.46219435120963,219.5571348496614,227.9237694803711,206.0067435173782
1970-01-01 00:00:00.000046006,468.1855189356919,219.54376455947465,231.1960148073671,206.58806460087197
1970-01-01 00:00:00.000046007,468.5866619358456,219.5571348496614,228.21626068278414,206.42417640154537
1970-01-01 00:00:00.000046008,472.14396479762274,219.58541815582558,226.95489237237786,206.24799658726926
1970-01-01 00:00:00.000046009,472.5116066153351,219.75923192825294,227.04629587313195,206.99055473745352
1970-01-01 00:00:00.000046010,472.58795446373557,219.81888399216297,227.2656642749417,207.81602103553243
1970-01-01 00:00:00.000046013,486.32518164293595,219.85796637886259,226.58927836936152,208.51230487061264
1970-01-01 00:00:00.000046014,491.3762570863317,220.1747394079018,225.7118047621224,209.12784966631884
1970-01-01 00:00:00.000046015,488.6864210124484,220.33312592242146,227.4119098761483,209.27583106982843
1970-01-01 00:00:00.000046016,490.4826546241927,220.35883801893434,226.42475206800418,209.41320794279338
1970-01-01 00:00:00.000046017,494.65367063664917,220.28838687448894,225.2730679585028,210.13600310423533
1970-01-01 00:00:00.000046020,475.20366026157853,220.7938866919331,222.64064713678536,210.56693266364115
1970-01-01 00:00:00.000046021,474.69797456444496,220.81188515949214,223.90201544719162,212.7574912572876
1970-01-01 00:00:00.000046022,471.35490503246365,220.91164809396227,223.33531374251635,213.31712125557644
1970-01-01 00:00:00.000046024,474.6512471468555,221.27367441286427,239.3126456743293,214.0090668736157
1970-01-01 00:00:00.000046027,486.64332407760867,221.3055574125403,243.49892600886616,215.38572774795927
1970-01-01 00:00:00.000046028,492.4988238946589,221.28344500953915,250.33590786527125,215.43055599071624
1970-01-01 00:00:00.000046029,489.2215687423672,221.3040146867495,249.23906585622228,215.82870791025675
1970-01-01 00:00:00.000046030,491.6271595590833,221.32766981554138,249.22078515607149,216.01260011038352
1970-01-01 00:00:00.000046031,494.20643381100894,221.35801008942667,251.70696037658243,215.63927243279983
1970-01-01 00:00:00.000046034,505.3361126906914,221.7133512632353,254.32110049814906,215.117240315533
1970-01-01 00:00:00.000046035,505.1949008507558,221.9190480353387,257.1728897216763,215.19219506551917
1970-01-01 00:00:00.000046036,507.3495099957074,222.06406425967157,256.49650381609615,215.66313262652534
1970-01-01 00:00:00.000046037,508.0600835391187,222.26513285440265,258.8181527352498,215.8144881988446
1970-01-01 00:00:00.000046038,506.52322669450245,222.5767634641393,262.6570997669211,215.0398754449685
1970-01-01 00:00:00.000046041,514.2280234619155,222.48831385213487,264.3023627804945,215.7438716658995
1970-01-01 00:00:00.000046042,524.5679297853231,222.5736780125578,264.6862574836616,216.08683182419614
1970-01-01 00:00:00.000046043,526.7913628724531,222.631787350677,261.3226086559115,216.4777533820017
1970-01-01 00:00:00.000046044,546.3476583227866,222.512483222857,264.0098715780814,216.9944832339962
1970-01-01 00:00:00.000046045,550.9309843962104,223.06375057209414,266.5691695991956,218.4068138928991
1970-01-01 00:00:00.000046048,557.2106741261576,222.97684368588045,270.71888853343086,219.81504734681877
1970-01-01 00:00:00.000046049,571.2760228156516,223.15682836147093,267.3186783053791,220.80825803714959
1970-01-01 00:00:00.000046050,616.0552238876894,223.26687613454627,274.2653443626891,219.99773448665638
1970-01-01 00:00:00.000046051,593.7869958388839,223.38720874622675,282.8389927334217,220.47060014412523
1970-01-01 00:00:00.000046052,538.9000207501414,223.65358606610064,282.71102783236597,221.18447785942732
1970-01-01 00:00:00.000046055,528.5357211307718,223.4710301808589,277.75695809149494,220.4414376851274
1970-01-01 00:00:00.000046056,547.8560035227721,223.59907642149324,283.14976463598555,220.56772800343202
1970-01-01 00:00:00.000046057,555.6262186748104,223.54250980916484,282.01636122663496,220.7236628048501
1970-01-01 00:00:00.000046058,522.390986518744,223.8561973866225,274.46643206434806,220.4486680468624
1970-01-01 00:00:00.000046059,550.824461723909,224.22182339903628,274.1008180613318,219.05296721995003
1970-01-01 00:00:00.000046062,558.5782034812718,224.1524007384514,280.66358941547463,219.28674891604825
1970-01-01 00:00:00.000046063,560.1350184771297,224.3380420752747,277.9946071934555,220.16788899948665
1970-01-01 00:00:00.000046064,562.5165327939352,224.41569260674373,279.8592386088387,219.58439880747233
1970-01-01 00:00:00.000046065,547.8682793697659,224.45888892888547,290.3889218957086,218.87919752625226
1970-01-01 00:00:00.000046066,560.6630382958907,224.59824849198554,290.0050271925415,220.3761234174546
1970-01-01 00:00:00.000046069,555.6166355942539,224.77051953862212,292.45464101275076,221.49441936580087
1970-01-01 00:00:00.000046070,541.1918025853726,224.79983132864683,288.1403957771583,221.79688949838163
1970-01-01 00:00:00.000046071,554.5326387051912,224.989072358982,289.6759745898268,222.42496692109506
1970-01-01 00:00:00.000046072,556.8048583842451,225.0214696005883,281.3582560212056,222.48763005613174
1970-01-01 00:00:00.000046073,570.1112429334681,225.35007019402346,284.39285224624103,221.25509439237248
1970-01-01 00:00:00.000046076,584.661685576751,225.42206406425964,288.21351857776153,221.25485338031461
1970-01-01 00:00:00.000046077,575.3022630325935,225.53416880505603,287.20808006946663,221.98945813259039
1970-01-01 00:00:00.000046078,576.8080738641673,225.56862301438332,282.7841506329692,221.50574693251906
1970-01-01 00:00:00.000046079,580.3558728444008,225.7732913026262,284.4294136465427,221.59082418893416
1970-01-01 00:00:00.000046080,589.9718209912231,225.88282483377128,283.405694438097,221.73615445980764
1970-01-01 00:00:00.000046083,598.5283239429704,226.0201274291503,283.606782139756,222.49943964696556
1970-01-01 00:00:00.000046084,573.6470828627592,226.017556219499,275.10625656962657,220.72197572044533
1970-01-01 00:00:00.000046085,578.4144674420778,226.0571528481289,277.7386773913441,221.39777353060975
1970-01-01 00:00:00.000046086,570.353829509869,226.33072955502644,279.73127370778303,219.80829900919946
1970-01-01 00:00:00.000046087,580.3531008789506,226.63001835843693,272.47383574790916,220.60267475181786
1970-01-01 00:00:00.000046090,576.9244964130767,226.46700366654494,272.40071294730586,221.03987062472737
1970-01-01 00:00:00.000046091,583.5351588177805,226.60276353613318,282.8389927334217,217.54206262939334
1970-01-01 00:00:00.000046092,576.4593606105293,226.681956793393,283.22288743658885,219.17082211623045
1970-01-01 00:00:00.000046093,573.6247487411317,226.922622016754,283.69818564051,218.99295521754954
1970-01-01 00:00:00.000046094,565.0688001824745,227.3052180128663,279.4936246058224,218.01348221451522
1970-01-01 00:00:00.000046097,564.0317683080398,227.11957667604298,277.8118001919473,217.39022503295843
1970-01-01 00:00:00.000046098,563.2435005330093,227.2357953522814,283.7164663406608,217.2523661358778
1970-01-01 00:00:00.000046099,545.8220936734244,227.34944281886854,279.8958000091404,217.92912799427353
1970-01-01 00:00:00.000046100,523.8948965740091,227.77060695975027,276.9708879850098,218.58516281569567
1970-01-01 00:00:00.000046104,501.0273695948653,227.82820205593924,282.4916594305562,217.2287469542101
1970-01-01 00:00:00.000046105,513.2965638716279,228.0277279248795,275.80092317535764,213.9545981485454
1970-01-01 00:00:00.000046106,508.13112505365734,227.97167555448135,277.75695809149494,213.97821733021303
1970-01-01 00:00:00.000046107,498.7204607481773,227.95933374815513,269.93281842694574,214.55375412431886
1970-01-01 00:00:00.000046108,508.5141314798652,228.47768961385572,269.0736255198574,214.56435865486353
1970-01-01 00:00:00.000046111,511.18084144199224,228.5018589845779,266.4777660984416,214.85333211220558
1970-01-01 00:00:00.000046112,531.5532035208713,228.59956495132695,270.51780083177186,214.04208552553885
1970-01-01 00:00:00.000046113,541.9659729361133,228.70292757930892,274.8137653672136,215.00589274481405
1970-01-01 00:00:00.000046114,529.3509957691887,228.62579128977015,277.06229148576386,216.9978574028059
1970-01-01 00:00:00.000046118,529.2057447795971,229.2192264772885,279.3473790046159,217.5461598343765
1970-01-01 00:00:00.000046119,548.468766285297,229.3616714919701,273.77176545861704,217.67365521297032
1970-01-01 00:00:00.000046120,534.3720547867091,228.947706738112,289.14583428545313,218.2665448752401
1970-01-01 00:00:00.000046121,541.629614728482,229.17808712286782,291.5588867053608,220.81862155563644
1970-01-01 00:00:00.000046122,539.2132528460164,229.42800870097346,300.2422192769983,221.63107320259235
1970-01-01 00:00:00.000046125,541.5550884573775,229.69387177891707,300.9551665828801,221.73976964067515
1970-01-01 00:00:00.000046126,551.007807438688,229.9864754372342,302.54558749600113,220.4002246232379
1970-01-01 00:00:00.000046127,549.4467156961355,230.09806593610028,302.7832365979617,222.20323582788848
1970-01-01 00:00:00.000046128,547.2863250232448,230.4153532070698,299.85832457383117,222.43846359633372
1970-01-01 00:00:00.000046129,551.869492698643,230.65910388201232,308.87070974818334,223.100041695086
1970-01-01 00:00:00.000046132,551.1939251189173,230.75166742945882,306.29313102691833,223.4268540455079
1970-01-01 00:00:00.000046133,542.04968629271,230.83137492864893,303.49618390384353,224.3371565879441
1970-01-01 00:00:00.000046134,540.8304966886892,230.99798931405266,303.3682190027878,224.60829515300654
1970-01-01 00:00:00.000046136,539.5431167345929,231.3960125680728,303.42306110324023,223.39046122477507
1970-01-01 00:00:00.000046139,538.0981307448984,231.6017093401762,307.22544673460993,222.33964865262212
1970-01-01 00:00:00.000046140,527.3722876318069,231.6721604846216,302.8929207988666,221.88943812858957
1970-01-01 00:00:00.000046141,524.7129431778762,232.31239168779342,300.7357981810703,221.2247268730855
