Date,Balanced Multi-Asset,Conservative / Pension-like,FX & Gold Hedge Tilt
2023-05-02,100.0,100.0,100.0
2023-05-03,100.78049484098837,100.50920192853651,100.67511742423068
2023-05-04,100.47102568823847,100.34187153206024,100.18631459718613
2023-05-05,99.38828798952852,99.66377774171944,98.96613455017652
2023-05-08,100.41653871807779,100.39419972598213,100.4534351363794
2023-05-09,100.49026333919599,100.40226505145232,100.34034966539878
2023-05-10,100.48089750038203,100.45506437910066,100.31083636477824
2023-05-11,102.26314866092568,101.8296809336384,103.14157927727095
2023-05-12,101.74381789802825,101.47987718183943,102.39408520003299
2023-05-15,100.10371435934191,100.33494405316974,99.58903407642659
2023-05-16,100.50001394132288,100.85950461750963,100.40395407085033
2023-05-17,100.8738974972254,101.23170026061973,101.01867225407322
2023-05-18,99.77495091789055,100.5391626226592,99.60416530994627
2023-05-22,100.26485328415448,100.96675376713652,100.08530073238157
2023-05-23,100.62478038917389,101.2344363074265,100.5160299642255
2023-05-24,100.18438484222864,100.98813299137947,99.94995580799035
2023-05-25,99.93600961998497,100.8607289641199,99.59105833218814
2023-05-26,100.8489619697901,101.55332922774869,100.97536415824489
2023-05-29,101.96899823966818,102.60059869791951,102.29164087120934
2023-05-30,104.94412897594599,105.18311230817201,105.39941085731333
2023-05-31,105.57202305309694,106.01978676749965,105.58628776697984
2023-06-01,106.09949981892376,106.34043366809388,106.0248186064865
2023-06-02,106.39915454819807,106.83282219699652,106.55468206741718
2023-06-05,108.5373411180726,108.72083634443585,108.7757071828757
2023-06-06,110.31242162474052,110.21344397258973,110.01370211057005
2023-06-07,115.79507386292794,116.32866261550332,114.54862250096026
2023-06-08,116.22895817043845,116.33575024707065,114.72351291844618
2023-06-09,116.30267249989441,116.78104665026667,114.74120208460347
2023-06-12,116.86008867225503,117.46924047000454,114.91056301001615
2023-06-13,115.58464434236329,116.57414004649975,113.31613269047513
2023-06-14,114.9522216050468,116.0156018465093,112.54538327891224
2023-06-15,116.25424608498105,117.07508234410871,113.99500984929783
2023-06-16,115.75225582915861,116.65803345027234,113.38278153829891
2023-06-19,114.78377849493181,115.95225844471761,112.10157004765784
2023-06-20,114.075689452365,115.39911616133853,111.38432597920381
2023-06-21,113.76917898281644,115.15569059142072,111.03921467444638
2023-06-22,118.57930936193894,120.30928053543587,115.08047994678246
2023-06-23,120.40211028356975,122.01953420204377,116.77981212282651
2023-06-26,123.64786341557452,125.16612532910726,119.62506978134019
2023-06-27,124.3384964344704,125.8548601258821,120.74355665992292
2023-07-03,125.65296683967634,126.74839747950968,122.81411842672905
2023-07-04,125.95280769988435,127.05734600528574,122.95865732383955
2023-07-05,126.92043330733013,127.90825210261018,124.25307445605442
2023-07-06,126.59686789294614,127.7108309143192,123.8786897997166
2023-07-07,126.80261749036488,127.80020480469561,124.0824154139001
2023-07-10,127.28912563014471,128.19463838589027,124.57723355161828
2023-07-11,127.62364521111685,128.30113110739555,125.15668648535298
2023-07-12,128.55771609537396,129.06613444622784,125.80447190063207
2023-07-13,128.18705405821504,128.6475812300557,125.56564585394894
2023-07-14,128.59998564376914,129.06008879209568,125.95264980057446
2023-07-17,129.91880622626917,130.3251404194218,127.35428034294355
2023-07-18,131.41641022809472,132.00884950587024,127.74518436859783
2023-07-19,131.92575411534062,132.24981037303115,128.8117428589141
2023-07-20,132.11266339257065,132.33874489758546,129.2149655934541
2023-07-21,132.16268250830294,132.70279970148536,128.9893991208596
2023-07-24,131.93682020754886,132.50736042272646,128.80474000623587
2023-07-25,131.59015424699203,132.18902608005536,128.26968379894052
2023-07-26,132.46523670205255,132.85860293078986,129.39838775659842
2023-07-27,132.68122912970298,133.185865125725,130.11046005493552
2023-07-28,133.8980131959551,134.01919729615804,131.81390187542345
2023-07-31,134.43919240909048,134.39538015032605,132.49397025044877
2023-08-01,133.8093161861687,133.9553993325696,131.7192088272413
2023-08-02,133.96916667279834,134.23820801183814,132.2030995826434
2023-08-03,133.91809255637392,134.14867798995277,131.8253075461144
2023-08-04,134.54024694383975,134.62040498237914,132.96371690559886
2023-08-07,134.70550873154653,134.81381747171756,133.2070775194214
2023-08-08,134.2491019136,134.51095174864332,132.6718954830454
2023-08-09,134.98994042225266,135.1398184133841,134.0106394261557
2023-08-10,134.30627980659645,134.61839215489388,132.88832610223417
2023-08-11,135.022817486441,134.98013193574064,134.1455526742174
2023-08-14,135.02197086121373,135.24750906719126,134.1166676008971
2023-08-15,134.64097582320088,135.0248872397047,133.61869523157904
2023-08-16,134.1030321388646,134.60278837282976,132.92225929059134
2023-08-17,134.5444602905953,134.9517905820547,133.60173152429942
2023-08-18,133.62809893085586,134.31757619237752,132.33681991022428
2023-08-21,135.2957450834344,135.67697969678048,134.4526704506932
2023-08-22,135.05939971122714,135.54123877326901,133.94776311535543
2023-08-23,134.79418828164543,135.24876411498227,133.20633700285356
2023-08-24,130.22364388484323,130.31034535209733,129.92104089558316
2023-08-25,133.236439084939,133.43643758068973,132.59995809022388
2023-08-28,133.3632214809169,133.45936730966253,133.0114259367966
2023-08-29,134.01667972910116,133.85872787119874,133.27389366024207
2023-08-31,134.4526100062004,134.27266659355016,133.5634416697216
2023-09-01,135.89317352295365,135.31951638637415,135.70185310555934
2023-09-04,136.37250866753246,135.82127882973163,136.2437203489282
2023-09-05,136.505860030381,136.00679502276182,136.63164914477866
2023-09-06,136.16657003727906,135.82808457295587,136.24110357950636
2023-09-07,136.77181191982675,136.23664448399003,137.00199871079582
2023-09-08,136.67518355554714,136.2193875799495,136.84591048099415
2023-09-11,136.11678847352206,135.753873198503,135.92207508955187
2023-09-12,135.69260432254546,135.49600740869653,135.3346736340657
2023-09-13,135.18060715020127,135.2173486807756,134.58762162340992
2023-09-14,135.618681648349,135.43480061846563,135.2081673156651
2023-09-15,135.3479568858,135.2191103735892,134.40239592001154
2023-09-18,134.9845462628525,135.03696734625865,133.53921782964548
2023-09-19,134.9165078825993,134.85675541210233,133.5085829414711
2023-09-20,134.7304898421315,134.77702503114367,133.23194262424104
2023-09-21,135.9326532708741,135.89365136377958,134.89029074021178
2023-09-22,136.06408554360007,135.94224162848548,134.94487698499503
2023-09-25,137.00933332628432,136.79726334899814,136.36952057384556
2023-09-26,136.65531804280943,136.6471998381307,135.8666283039009
2023-09-27,135.34837611756873,135.1982990355036,134.9268324209165
2023-09-28,136.18089135002808,136.56711763982017,135.5476634784514
2023-09-29,136.27944066595947,136.76100550976673,136.12215842876
2023-10-02,136.2381401611165,136.90711385158062,136.4035885143399
2023-10-03,136.37434816877413,137.05379114596826,136.49357679119913
2023-10-04,135.73357500517238,136.6140150642973,135.48742033478482
2023-10-05,136.1945287127505,136.98970118927534,136.16107156113145
2023-10-06,136.41889772901453,137.14627280053702,136.18676912169371
2023-10-09,136.87785590967897,137.4994818495823,135.96604829678142
2023-10-10,137.55774475954345,138.07724263125104,136.97088232367025
2023-10-11,137.62995467386065,138.05821321981264,136.79136469591475
2023-10-12,137.33859231471087,137.8176955580757,136.27859725698718
2023-10-13,138.5347819756107,138.54318071242352,136.81503799241213
2023-10-16,138.06856630706616,138.36251080760306,136.16607909863137
2023-10-17,138.92903794429847,139.04765698376136,137.13894716239938
2023-10-18,138.8862447714765,138.98606907157148,136.35900659713445
2023-10-19,139.00564159382964,138.91815853461728,136.10694653805433
2023-10-20,138.04256580066533,138.180837860815,134.67987667699907
2023-10-23,139.1479679027446,139.1762138120559,136.18759602868803
2023-10-24,140.04279383116096,139.9007581574566,137.40070875134754
2023-10-25,138.36261582504108,138.59139704560954,134.6897460549064
2023-10-26,139.05962134366743,139.12592031035476,135.6394937214109
2023-10-27,139.90002140076763,139.70797906127802,136.3976429920407
2023-10-30,139.84377229216935,139.77801464212698,136.33105629064883
2023-10-31,139.1807643098168,139.39595674979446,135.48494013033124
2023-11-01,140.76788787929334,140.62811735891364,137.70129122714914
2023-11-02,141.38151491449938,141.06912241077404,138.47956920995017
2023-11-03,141.877042349987,141.49226994554536,139.02611793414624
2023-11-06,142.16232926524987,141.74288167201323,139.68946021718213
2023-11-07,142.19357080893897,141.91001064626016,139.7200051659305
2023-11-08,141.73651443730736,141.60490940786167,139.37803486989597
2023-11-09,141.6969368582339,141.4880542681763,139.16576206559478
2023-11-10,141.02894129109936,141.2366466593122,138.4146588087389
2023-11-13,140.84624937389617,141.10456907566063,137.87551393232044
2023-11-14,141.8775017165465,141.8741556441699,138.96552858521784
2023-11-15,141.8819004155993,141.92410301158884,138.91407354608268
2023-11-16,142.74710480603608,142.31845578902474,139.86434419487463
2023-11-17,143.22214795562562,142.85539336467377,140.48503148779577
2023-11-20,143.9359362808333,143.4452291560536,141.38245934237847
2023-11-21,144.95096394763098,144.23505925497,142.4120649493659
2023-11-22,144.77307217109916,144.21509332121084,142.20115115972195
2023-11-23,144.3585482723817,143.82423979825305,141.5822510525374
2023-11-24,144.9874218981335,144.36528600341006,142.21471216402563
2023-11-27,146.24448410539893,145.27656815629723,143.72806971090742
2023-11-28,147.0306886240629,145.7505624262434,144.2990010444175
2023-11-29,147.10494292803136,145.7928895657242,144.39303060484676
2023-11-30,146.3724839168721,145.27245196082822,143.5224186537519
2023-12-01,147.8071046596159,146.31088546393096,145.01977838653877
2023-12-04,147.80554325362525,146.67220524695162,145.75902435912715
2023-12-05,146.99500153142498,146.034121204904,144.91014445609432
2023-12-06,146.6796749135539,145.8009790423559,144.30797102250042
2023-12-07,147.1240239036173,146.21615984859048,144.89891693500255
2023-12-08,146.19300687849892,145.52119164970367,143.9914154236537
2023-12-11,145.0588505860864,144.88631881274438,142.63678979336763
2023-12-12,145.1679855181892,144.88933397221925,142.76466621722147
2023-12-13,145.8610272755084,145.27455661429318,142.80772006911482
2023-12-14,147.13269994998902,146.25336220754232,144.60721776775964
2023-12-15,147.372655605852,146.5074905566089,145.30742396589145
2023-12-18,147.30295608457195,146.5516790300758,144.86601672395082
2023-12-19,147.5106525655786,146.7150410546397,144.84471019024622
2023-12-20,147.43098625760692,146.76436939901708,144.81051711290246
2023-12-21,148.23496862484527,147.27293650082757,145.59910829485233
2023-12-22,147.63790368366375,146.92686033983566,144.4774624371549
2023-12-25,146.88599021905827,146.38989902393305,143.15960527175793
2023-12-26,147.16969269206416,146.467380706289,143.4322296099905
2023-12-27,147.6746636982958,147.01945895061286,143.57616826181211
2023-12-28,147.9372801926565,147.30382381115717,144.00901642885842
2023-12-29,147.48841515329195,147.13630154539433,143.67188738378877
2024-01-02,150.8841915039446,149.79798744123832,147.77717159836828
2024-01-03,149.7576351966455,149.019125649568,146.35731231544872
2024-01-04,150.2924979066094,149.4273090872319,146.9387514696395
2024-01-05,150.53021304847903,149.69730945438974,147.24175009140686
2024-01-08,151.18176654872076,150.2560481870588,148.21897614414516
2024-01-09,151.03591863454054,150.1218895014822,147.9583968421346
2024-01-10,151.85274407086217,150.99537179925832,149.3448586041929
2024-01-11,152.49832582792553,151.41025710773837,149.83747822139551
2024-01-12,153.15894200676806,151.94300396071063,150.33686728231825
2024-01-15,153.5648043765618,152.24521165228268,150.84107322920184
2024-01-16,152.56758661372444,151.49306345696212,149.90128218344094
2024-01-17,152.02833607398293,151.26291611271358,149.3531568322724
2024-01-18,152.208644644042,151.34236417466605,149.28173644337699
2024-01-19,152.31843664032914,151.51764790006143,149.17748663925101
2024-01-22,152.46788664653312,151.6880959804007,149.4524596473871
2024-01-23,152.36672799082245,151.55197850365784,149.09661666176004
2024-01-24,152.71930032621344,151.92264221586302,149.92190678570213
2024-01-25,152.9623640465513,152.06990876451528,150.11125700460332
2024-01-26,153.85886417474939,152.84301515609437,151.44501976292332
2024-01-29,154.65548440671742,153.4025770579905,152.24278570448345
2024-01-30,154.79026893487023,153.49371686423697,152.30689010093607
2024-01-31,155.04245751886003,153.6628594498152,152.62501313271378
2024-02-01,155.80876322562054,154.0787464653541,153.39606241890863
2024-02-02,155.7803592921252,154.30366783617322,153.41816387799642
2024-02-05,156.108483536137,154.81094149110447,153.99795768607643
2024-02-06,156.2111488201725,154.5434956641275,154.1603203521853
2024-02-07,156.5901589154421,155.11961563605584,154.40717770921228
2024-02-08,157.00963630448675,155.49840154300142,154.9527931640342
2024-02-09,157.08260070624326,155.57683483292735,155.2643453603342
2024-02-12,157.4898495389999,156.0060251306651,155.8317213508711
2024-02-13,156.3300172974101,155.3893922432148,154.5938050789809
2024-02-14,156.90183649635898,155.86194784546907,155.35289604091227
2024-02-15,157.8738866703649,156.50772686844724,156.54179421666493
2024-02-16,158.2646861717492,156.89270871795307,156.75064206770938
2024-02-19,158.3034796659028,156.89770683499736,156.7093147466369
2024-02-20,159.37100337219158,157.78248242035917,157.97064732219832
2024-02-21,159.40671995688987,157.76170056279747,157.82038175342194
2024-02-22,159.2920040751526,157.6286150598533,157.64335474049255
2024-02-23,159.2532681014135,157.71262540537717,157.569710826356
2024-02-26,159.6218875162187,158.03491782666572,157.67553636676
2024-02-27,158.95677479066745,157.56048734193018,156.639381105419
2024-02-28,158.9792486872336,157.66690706280377,156.3633319386347
2024-02-29,159.61441039910036,158.09596434945092,156.96665187711403
2024-03-01,162.30752258523927,160.06428428452543,159.86802266637156
2024-03-04,163.37990480101826,160.99995913185677,160.17335681897492
2024-03-05,163.81755317482646,161.28641625202442,160.26572071213084
2024-03-06,164.359393355323,161.66503957777536,160.38455331747159
2024-03-07,166.1854931560111,163.09718723287426,162.38572526744255
2024-03-08,167.1141005312976,163.69318054410266,163.4455796820132
2024-03-11,167.58066273608276,164.1386930384643,163.7530657685945
2024-03-12,166.84297913557631,163.82125260748842,163.03597346556154
2024-03-13,166.70332266062306,163.47792315408208,162.57675965618085
2024-03-14,166.72248685782927,163.90248076129708,162.50884912288166
2024-03-15,165.98426169207397,163.3894674228679,161.76671024696876
2024-03-18,166.58965487410475,163.91960665243664,161.99685226781506
2024-03-19,167.6354236109694,164.8587210198673,163.40893095815588
2024-03-20,168.66837177319977,165.11555598146424,164.18262636564648
2024-03-21,168.13783350228465,164.7386489909289,164.38758100336074
2024-03-22,167.234483876579,164.1753586785936,163.61295625722056
2024-03-25,167.88335952596566,164.76010708437633,164.08873631691216
2024-03-26,167.3885353419445,164.4384182964078,163.09473756500665
2024-03-27,168.12439001368347,165.00735302645933,163.7295419251514
2024-03-28,170.5266738219158,166.62777203423607,166.16050500126366
2024-03-29,170.73201286777032,166.85080314548586,166.39267311137752
2024-04-01,170.80214921738767,166.51295082396726,166.74238649565345
2024-04-02,170.6422911829939,166.28361096648962,166.2106948700149
2024-04-03,170.71383435969665,166.17568413789598,166.2755628560093
2024-04-04,171.23737243208606,166.49833517355972,167.3002408393434
2024-04-05,174.30668546309877,168.77055224370375,170.66182032571666
2024-04-08,174.72788547261862,168.9025066279723,170.98387095473845
2024-04-09,175.91813843975646,170.08047056642442,171.8908725005973
2024-04-15,176.9111501526505,170.8428062481847,172.34891981911326
2024-04-16,176.67093774060058,170.63248410842894,171.91832038711902
2024-04-17,175.99775419117822,170.19880795734827,171.2847050317965
2024-04-18,176.51937813379266,170.67552839834,171.45600228738678
2024-04-19,177.23004517892213,171.15517986401235,172.518266052864
2024-04-22,175.70576279301528,170.25869083239752,171.25088166840354
2024-04-24,175.7798924644708,170.486811561596,171.64625252828787
2024-04-25,175.78510219455353,170.40704566764228,171.44486182175407
2024-04-26,176.51611443322153,170.78401034918267,172.64951413322055
2024-04-29,177.1425589782127,171.31570022082866,173.69915451380015
2024-04-30,175.84709707509668,170.57002302486143,172.7291252317174
2024-05-02,179.12589750591547,172.7748077875749,177.464233304156
2024-05-03,178.95833902213136,172.69372294978265,177.26115288623552
2024-05-06,179.45600107148059,172.87644552616152,177.712932336211
2024-05-07,179.43525523517138,172.90529222578508,177.9384865520845
2024-05-08,178.97218241000448,172.55385760030188,177.3574076439056
2024-05-09,179.90450415269373,173.1008532636363,177.9666271368871
2024-05-10,179.6641821024683,172.86870132471805,177.52634946530932
2024-05-13,179.09671715765467,172.7177790706772,176.9984283088818
2024-05-14,180.1017430506018,173.3492908244367,178.10989182030193
2024-05-15,180.53218224863986,173.39071370810947,178.33536853131116
2024-05-16,180.9071529700163,173.8455053745783,178.86603334037105
2024-05-17,182.88698497439057,175.02399306512845,181.23135679869986
2024-05-20,183.43224975812956,175.27149601185795,181.88696773465793
2024-05-21,184.06980824520235,175.74794634774997,182.98575838405054
2024-05-22,183.07050787589674,175.32257716767302,182.2290972052497
2024-05-23,181.24708191698247,174.2242370385503,180.58206976624888
2024-05-24,180.7677877825568,173.92641845862258,179.770175347806
2024-05-27,181.061609879257,173.99671577668383,180.1038461799345
2024-05-28,181.8025847149956,174.61233694090956,180.69046097115756
2024-05-29,180.6584605221244,173.81219602760697,179.47676164506433
2024-05-30,180.76702210894632,173.89964056222223,179.52270917296067
2024-05-31,179.84480798417914,173.3533199402618,178.5433208995153
2024-06-03,180.84923161949047,173.8918006374965,179.65240510032487
2024-06-04,180.9845306244873,174.57727072593244,179.06785144362058
2024-06-05,180.76081629688338,173.94882892343898,179.2360754838459
2024-06-06,180.72117690986593,173.7925984572993,178.6795140542233
2024-06-07,178.36214384531374,172.48040662159386,176.80207995137135
2024-06-10,178.3897011276619,172.5491495510162,176.31687684364894
2024-06-11,178.55902209497847,172.61234396308814,176.5146202729056
2024-06-12,179.202119228416,173.02492282533075,177.39120912714918
2024-06-13,179.19792505854093,173.00341604911316,177.56311228334826
2024-06-14,181.3397068451313,174.84159694094419,179.18726927635674
2024-06-20,183.49987168751733,176.5397648232476,181.48425322750492
2024-06-21,182.66381301676682,176.16659590710574,181.04862947675466
2024-06-24,183.15182187202905,176.56713290224516,181.31196772210822
2024-06-25,182.65017683396627,176.3081433087067,180.8027905880983
2024-06-26,181.16528385943877,175.25590916561606,179.3452411731188
2024-06-27,182.60962732966206,176.10805900300392,180.8469355991548
2024-06-28,181.62796439552255,175.24435558261365,179.89050845356982
2024-07-01,183.24838409619122,176.41641338180025,182.32146199077636
2024-07-02,183.393592101298,176.4718995747052,182.86788931005665
2024-07-03,185.1918825163146,177.62279731497117,184.968323204288
2024-07-04,186.07624630655496,178.2739930399615,186.2817080277755
2024-07-05,187.24552705334148,179.16292535729522,187.0983321842195
2024-07-08,186.73951201155342,178.9982350727655,186.84287904417235
2024-07-09,187.03394808748192,179.33617552217848,186.70168917761083
2024-07-10,187.07806167845715,179.4215232243044,186.60551348898974
2024-07-11,189.1778782900233,180.59303385681497,188.73552054303983
2024-07-12,189.53395742065905,181.17216664787017,188.94815747887964
2024-07-16,191.45230697531127,182.3525314189214,190.54957474424128
2024-07-17,191.31467030260058,182.25084115362495,190.39270204204126
2024-07-18,190.65842777386854,181.87273712464471,189.83936872691547
2024-07-19,189.34860162558405,181.14448553747002,188.85325603621672
2024-07-22,188.7568044686579,180.56400673784003,188.43735705914654
2024-07-23,188.32418983415414,180.14218076766198,187.7335941823114
2024-07-24,187.6628342513112,179.58470348275756,186.98165422791612
2024-07-25,186.96513544558786,179.43885849662615,186.10588478777942
2024-07-26,187.11656360701656,179.43824824169704,186.1756301715626
2024-07-29,187.0041134761337,179.5611106029954,185.7529373703288
2024-07-30,187.93333377873677,180.13420727128326,186.39396590021144
2024-07-31,189.10789354960596,180.88017398118708,187.18670259800305
2024-08-01,189.31533634917756,180.927908643392,187.5662640974223
2024-08-02,188.15840109186223,180.24588100821927,185.7696757921326
2024-08-05,185.89771025283898,179.02111627097707,182.7338491359996
2024-08-06,185.99484680084947,179.46581896044353,182.63081163473132
2024-08-07,186.04804739723107,179.28599814314398,182.9980222302671
2024-08-08,187.29966667105242,180.08101519215134,183.87359367029697
2024-08-09,186.44775592688302,179.45463487855153,182.60529325578415
2024-08-12,187.2187462780732,179.6223229351502,182.90338519087118
2024-08-13,187.74730802744457,180.30565220509874,183.72204662035682
2024-08-14,187.1385682831711,180.01258752616394,182.9039812097509
2024-08-15,188.1590475129912,180.66369856997423,184.06271233978424
2024-08-16,188.7455511009635,180.92997784300692,183.81534995998845
2024-08-19,189.8305212258182,181.5948407419622,185.52870320367688
2024-08-20,190.59952247296403,182.4866870049165,185.8537575866635
2024-08-21,190.39873942151212,182.31283044576895,185.57519855769783
2024-08-22,189.55942904103267,181.638871703994,184.98704859119772
2024-08-23,189.71845272926043,182.01602740484606,184.34120843691676
2024-08-26,189.5984036925821,181.94835906847894,184.0398401150605
2024-08-27,190.91751942724085,182.89862329590133,185.71097993083785
2024-08-28,190.592637821812,182.74576312946482,185.38617895507397
2024-08-29,191.08290973067744,183.12319232339559,185.90764287933274
2024-09-02,193.36648543339035,184.66519053840176,190.21363584946326
2024-09-03,193.1846916550402,184.68573662594878,189.78258479949835
2024-09-04,193.29651199126192,184.76614604431344,189.7982420559507
2024-09-05,192.92220787990306,184.27098925625177,188.96445111904666
2024-09-06,191.86737307796017,183.65705888934124,187.76481444683196
2024-09-09,191.9964874843466,183.8064500275869,187.49140689727972
2024-09-10,191.75081850817546,183.55933584861933,186.99953236177203
2024-09-11,190.64172094603063,182.7626381785733,185.6543033907628
2024-09-12,192.1659767664261,183.564591899992,187.05750522134943
2024-09-13,193.26311232776558,184.23469015326347,188.38445931916152
2024-09-16,193.23783278719887,184.32124650549306,187.95119745503573
2024-09-17,194.09522149403364,185.11545478399836,189.19145695578135
2024-09-18,193.93866933303585,185.06016814802967,189.27810331175567
2024-09-19,195.1966641114055,185.755852359086,190.5884762966815
2024-09-20,196.18409202795104,186.41813607786784,191.1873052641662
2024-09-23,196.59421400654193,186.75735647163347,191.6462417939977
2024-09-24,198.11099691051007,187.71094926719965,193.29887381794498
2024-09-25,197.8620094019334,187.55406817094646,192.91329838386335
2024-09-26,197.8579756412346,187.5341990231147,192.5376162164928
2024-09-27,197.31054883579026,187.23193281209512,192.00543237260425
2024-09-30,196.48462361480208,186.74243865002745,191.19637544371068
2024-10-01,195.91452292527808,186.3210868139132,189.84607164105552
2024-10-02,194.58842046841866,185.3200033095692,187.88104462854244
2024-10-03,193.2591447324848,184.25253972266395,186.13060178163465
2024-10-04,194.31972720050362,185.2016786559146,187.46295745917809
2024-10-07,193.3551681161345,184.50937796923927,186.25411890664282
2024-10-08,192.9569132118766,184.30291285438676,186.06644994176273
2024-10-09,192.87695868913895,184.23365522670144,186.25024536059328
2024-10-10,192.66730626842184,183.9073910870624,185.54047028302023
2024-10-11,193.1188028248233,184.29531803434813,185.60687135201903
2024-10-14,192.37809703087163,183.85768682357093,184.71375407307713
2024-10-15,193.19206468495096,184.2612891263324,185.83194276967947
2024-10-16,193.74267166033692,184.5756039003379,186.46107672542837
2024-10-17,194.17674137477167,184.7534112418648,186.72689160403766
2024-10-18,193.67565283883886,184.05978466552935,185.58086219771312
2024-10-21,193.0927304039432,183.8130390225174,184.61960616571
2024-10-22,194.86180501957645,185.18050365603725,186.47856843777166
2024-10-23,193.7766321966486,184.52932652906586,185.33966231658425
2024-10-24,194.63668910582203,185.02890398234433,186.35805598095607
2024-10-25,195.13363393714445,185.40457794146852,186.6916626139611
2024-10-28,195.22041195963374,185.50548211899607,186.92204784968064
2024-10-30,196.4626134513103,186.10893034304328,188.04886666267547
2024-10-31,194.58295569711717,185.00562471603797,185.9798254241314
2024-11-01,196.56564674575336,186.5095324343548,188.90221799899433
2024-11-04,195.5172626953565,185.821652797143,187.32421672649892
2024-11-05,195.40112007370217,185.67047596624707,187.0896457426407
2024-11-06,193.91851011389969,184.79034229689603,186.78451550383656
2024-11-07,195.67279848837336,185.86089356694967,188.21838253953095
2024-11-08,196.80087697874666,187.01193616336099,190.06899975446552
2024-11-11,195.62457044198825,186.42385730765247,189.70430799142753
2024-11-12,194.96253263392197,186.130160817066,189.1591713881374
2024-11-13,194.48179247288252,185.91499623132825,189.03681638190193
2024-11-14,194.9624597531944,186.1985814969515,189.72665400472718
2024-11-15,194.73725093581845,186.22796366780057,189.37235956883904
2024-11-18,196.6369943114296,187.49225186682,190.79846126717678
2024-11-19,195.93514991595865,186.57190787758003,189.73004227891204
2024-11-20,195.4080716425916,186.32614742145245,188.44109597611015
2024-11-21,197.47503299792984,187.7330186989683,191.01186606763872
2024-11-22,199.9075825114203,189.41252786115447,193.44997452628255
2024-11-25,198.00285318166863,188.5888615120726,192.74984328076167
2024-11-26,198.906233372559,189.27882923684146,193.52922334894862
2024-11-27,199.1055969240967,189.41520808208222,193.71362694934913
2024-11-28,199.1282468269496,189.41192881148538,193.68087314456622
2024-11-29,199.84693321348985,189.9960691943387,194.29858836502214
2024-12-02,199.75558036830546,189.99420341689944,194.31159611373076
2024-12-03,200.55352047226287,190.56561772537808,195.44801601606986
2024-12-04,200.7705616992448,190.56917109522007,195.76097453663783
2024-12-05,200.5258095431122,190.56161710960322,195.6234846351454
2024-12-06,200.81729155310973,190.815384357535,195.97137354101199
2024-12-09,202.69333789399693,192.1247239614247,197.9504987751148
2024-12-10,203.03163420357893,192.2378524971072,197.65016472401663
2024-12-11,203.54151208706298,192.5202857077948,197.8563577031157
2024-12-12,202.2236925199154,191.717500111569,196.53982554386548
2024-12-13,201.7030293966389,191.55982055281223,196.33470530222596
2024-12-16,201.2360501432271,191.26568094384172,195.55904965985454
2024-12-17,201.41691406594043,191.44132543033885,195.80387222082106
2024-12-18,199.5878957679267,190.48183454135804,194.20457483912065
2024-12-19,199.390829201453,190.39121743265179,193.63653833522213
2024-12-20,200.12468302565233,190.8849605468723,193.89865252528116
2024-12-23,199.58705273720096,190.53036613114045,193.18792229676413
2024-12-24,199.39735396924362,190.3294418344552,193.21482089171332
2024-12-25,200.92426557697854,191.52127867126458,195.1374296482413
2024-12-26,201.66894886565436,191.96619136129814,195.9709068785303
2024-12-27,201.2736806402163,191.76830297982463,196.09195760316197
2024-12-30,201.3533498813976,192.1746020074125,195.7014525335348
2024-12-31,201.81391900239151,192.45710634581746,195.9365943202258
2025-01-02,205.59102685127584,195.01608020469067,200.66078266014276
2025-01-03,205.8840987589825,195.36550334812569,201.58844249899605
2025-01-06,205.8645233108864,195.3682415631277,201.79739116191283
2025-01-07,205.82297517885834,195.31942277381913,201.40044975813714
2025-01-08,206.0367174069242,195.35196443094014,201.48056393879122
2025-01-09,206.71138784459595,195.87036655780736,202.20241297057345
2025-01-10,206.882894090277,195.99109044000411,201.91254253800264
2025-01-13,206.29259951191565,195.83864035064806,201.32023632275602
2025-01-14,206.39967537551965,195.8817200805543,201.32504730370266
2025-01-15,206.95343481134427,196.1522023682773,201.7780849969085
2025-01-16,207.85116202993046,196.6488602132868,202.59641319189697
2025-01-17,207.84166076861234,196.74973308489467,202.99204720017286
2025-01-20,208.96870509232983,197.7069741063143,204.1290168089793
2025-01-21,209.79847343495703,197.9783144750828,204.73470317637145
2025-01-22,211.22114769127523,199.2865880140575,206.3265741932698
2025-01-23,211.11039261117682,199.1962820281011,206.16916521285253
2025-01-24,211.4782846277938,199.43127974301146,206.34839138824498
2025-01-27,210.94818505212004,199.38393606997764,205.97261024041288
2025-01-28,212.24487046927104,200.16689661969656,207.52190228056136
2025-01-29,212.16125348607162,200.21000642964006,207.1730716648444
2025-01-30,213.08084876161723,200.6464800618586,207.75362447383367
2025-01-31,212.42641807688577,200.10242601992866,206.98815873409268
2025-02-03,212.78542438148702,200.62532404872312,206.54835334238928
2025-02-04,213.426776004664,200.91117161264927,206.92302004420478
2025-02-05,213.487824547947,200.73537903912816,206.59559903391104
2025-02-06,213.6912707099663,200.87099018513985,207.02398238828604
2025-02-07,214.35731688091087,201.50824404084076,207.755676445295
2025-02-10,215.43845586790144,202.03170903221053,208.10388598647498
2025-02-11,215.1523548260917,201.9486329036266,208.0237185975271
2025-02-12,215.00886050155245,201.90137919909225,207.51121270833923
2025-02-13,216.3065880400892,202.65655988218407,208.60544958667847
2025-02-14,215.108226353634,202.1621163552134,207.64829609824702
2025-02-17,215.46926253940015,202.3795558628146,207.85052552574024
2025-02-18,217.0512265785587,203.39606692410945,209.31069481432687
2025-02-19,216.36164215356712,202.92120034523293,208.25297352213397
2025-02-20,216.76914444111188,203.1505771932735,208.63116297879571
2025-02-21,216.00847970663986,202.83362829840655,207.39007894318726
2025-02-24,216.45581937924516,203.14874378984848,207.64180295614076
2025-02-25,215.21078496660604,202.409043733727,206.4869933408998
2025-02-26,216.03477106502342,203.065260594707,207.66241492722952
2025-02-27,215.69838902600134,202.94224529082095,207.94653802632533
2025-02-28,214.7570726863546,202.36367843049786,206.98941190902605
2025-03-03,218.93141683614937,205.26983263723267,212.42193699562404
2025-03-04,219.61053678364115,205.67130680664886,212.9317201018568
2025-03-05,221.0355835264686,206.61625612012412,214.95659068811986
2025-03-06,221.92390322391267,207.20407297561465,216.41221305366238
2025-03-07,222.0569408979472,207.48285146333075,216.5509112058326
2025-03-10,221.29200339804822,207.12484827453292,215.71510918502108
2025-03-11,222.3056362506516,207.71941499977166,216.4360606598141
2025-03-12,223.43752366325765,208.22566377186416,217.85516055146275
2025-03-13,225.12676142515994,209.12855607635595,219.23900223285378
2025-03-14,225.21476846465242,209.41290916464456,219.50267519777597
2025-03-17,225.92489516500194,209.73024938545018,220.105866384152
2025-03-18,226.93755751222488,210.61017611334418,220.4770129709122
2025-03-19,227.36269181417498,211.88568500136603,217.17195290765676
2025-03-20,226.05909867981566,210.56030427659348,215.58058385804065
2025-03-21,220.3203607252738,206.44539169935445,208.04475605238264
2025-03-24,222.94542982090712,209.07562563384863,210.91945494412528
2025-03-25,224.37527036795538,209.8381952349736,212.60492930983096
2025-03-26,224.7663881604323,210.30337164577614,213.16167639508998
2025-03-27,224.94360346428897,210.15525276153184,212.86376338975097
2025-03-28,225.88769510359242,210.62838417205074,213.7499209848902
2025-04-02,227.07871725130144,211.17183048109098,213.9184211958032
2025-04-03,225.69019447075306,210.45531481876716,212.74748084858066
2025-04-04,223.23892409523796,209.20141250323624,210.75362238254633
2025-04-07,222.02596672593418,208.58430253505773,210.1566090269333
2025-04-08,222.140148025473,208.6206543622303,210.38470741438815
2025-04-09,223.91832122549232,209.4411141562109,210.8000703723395
2025-04-10,226.7884997783769,210.8951704709846,212.9815299663244
2025-04-11,228.10788471462737,211.54461217500642,213.9240233255597
2025-04-14,228.02517947439503,211.82779150577753,214.01946277760413
2025-04-15,228.70864677945966,212.15292667561454,214.05487243140064
2025-04-16,230.6391555353577,213.14092534089744,214.83183765939182
2025-04-17,228.91910274804667,211.2813234222975,213.81693443521993
2025-04-21,233.11308653529514,214.63219808717244,216.64283987461747
2025-04-22,231.80251439934952,214.25435853347432,216.14879460354297
2025-04-24,233.16790727078222,215.20201081067742,217.5057750756028
2025-04-25,232.04253590466192,214.7271963301131,216.58820944844763
2025-04-28,232.07040617343048,214.67735702834835,216.21500927538432
2025-04-29,231.19354976903426,214.1891531838454,215.25186430577432
2025-04-30,229.09400878242218,212.9040690474548,212.99486962263256
2025-05-02,231.53135176101222,214.8641711483934,216.8402870445855
2025-05-05,234.0529149496041,216.31004583154726,218.6303563493198
2025-05-06,235.29186568792426,217.06207057276774,219.45032637446553
2025-05-07,235.05793324395404,216.9472785823752,219.11261240417699
2025-05-08,234.7603226224838,216.9093935696735,219.67933444166653
2025-05-09,235.85432342203552,217.82231338723548,220.79904395467787
2025-05-12,236.10656142201577,218.39872535092093,222.721383498532
2025-05-13,236.26778163156635,218.49153013194444,222.63980711007704
2025-05-14,234.53021314740297,217.55958786629878,221.53148554559004
2025-05-15,234.71946042300536,217.34250614004108,220.80048912042707
2025-05-16,234.8479884628381,217.80341044747544,221.37100783309447
2025-05-20,236.4664636988372,218.58241694062647,222.09943456938376
2025-05-21,236.75825281909562,218.74226878546645,221.9720727154282
2025-05-22,237.30966327874827,219.3095587940222,222.71906755789198
2025-05-23,237.80915512961468,219.47623524291816,222.66241722224004
2025-05-26,237.99264478175618,219.71084177016076,222.90871279186712
2025-05-27,236.62739188657744,218.91107395266513,221.5662264439454
2025-05-28,235.44165850522373,218.41976197148375,220.63276423961494
2025-05-29,237.47732583855958,219.59651586331088,221.8883724926798
2025-05-30,235.80278086593253,218.7856791254282,220.20121433002248
2025-06-02,238.51185473956028,220.24648909069953,222.26450178029654
2025-06-03,238.65382852106399,220.38713252473005,223.04744302448034
2025-06-04,240.4954544683103,221.59312986031495,225.05743199989396
2025-06-05,240.44326188852682,221.80452008438726,225.14804554096756
2025-06-10,240.1173307055953,221.65881461996509,225.65419991200545
2025-06-11,241.2717671518348,222.29085293359194,226.58126056045933
2025-06-12,241.69654911923382,222.75077956687343,226.26081352610282
2025-06-13,241.71750659454875,222.65567087270043,225.28913848167787
2025-06-16,240.95466393529813,222.13941093314477,224.95321988902126
2025-06-17,241.2348398184715,222.57247549391155,225.12431408404515
2025-06-18,240.14512326561132,221.9182794653084,223.80207931825063
2025-06-19,239.95277794584294,221.9110586355654,223.2658052760636
2025-06-20,240.63292810720156,222.50981035230612,224.17348236948982
2025-06-23,239.92759340319265,222.0219277564076,223.6161081392463
2025-06-24,241.04525295356535,222.81856004132186,225.76423013667284
2025-06-25,242.02027072429755,223.76113870372765,226.43646230200218
2025-06-26,240.92969524433198,223.10055760304752,225.1066744479705
2025-06-27,240.76550523185932,223.38858574830215,225.49530769030156
2025-06-30,244.46957645161925,225.71982594480122,230.25326587694036
2025-07-01,249.27102545640346,229.05483708347168,236.52207118439028
2025-07-02,250.66776832203558,229.9636943469922,238.3771607820183
2025-07-03,250.1645606039713,229.81663177440768,238.0890089775761
2025-07-04,250.68106837007525,230.1947481711369,238.64582835805663
2025-07-07,250.4543132695003,230.16579152594383,237.8882151944199
2025-07-08,248.96710705537632,229.37250588718888,236.2199887223862
2025-07-09,250.14509172647408,230.10550772705307,237.62992744358993
2025-07-10,251.34382992317282,230.9407090042878,238.9773876289854
2025-07-11,252.45685310666883,231.72923050392845,239.7319712443886
2025-07-14,251.59657392702616,231.17762022005465,238.67801496239133
2025-07-16,251.13074690243562,230.9652487876479,237.82656351139994
2025-07-17,252.2509171120559,231.75895448809337,239.30551728715088
2025-07-18,252.54730025036835,232.0572756717816,239.2829697695555
2025-07-21,255.12921986798125,233.65644744678144,242.0887223647941
2025-07-22,256.1066678050485,234.25135823434817,242.83864315412146
2025-07-23,255.26146113009167,233.94171486550957,242.28483240375542
2025-07-24,255.67906634258907,234.64509881584493,242.81009771796826
2025-07-25,254.41030739089842,233.75875952352735,241.788099263665
2025-07-28,253.34575841319747,233.1239413799578,240.73818483666557
2025-07-29,253.45572538238483,233.1730250158864,240.5410033354221
2025-07-30,252.91930639909475,232.97896693610738,240.56951596615278
2025-07-31,253.4586868286336,233.36696138170026,241.09998901524136
2025-08-01,255.4699451041127,234.44503189738796,242.5561393944148
2025-08-04,256.6833007916394,235.28643302915083,243.87799276036543
2025-08-05,256.7443134030279,235.37371792279046,243.89490884536158
2025-08-06,256.71588491400723,235.37534754795362,244.19319305262178
2025-08-07,257.7208160633002,235.86250513787297,244.93597171307505
2025-08-08,257.6617694994033,235.92193720744663,244.92334609855024
2025-08-11,256.59054174721007,235.24893481681414,244.5210545276807
2025-08-12,256.69201210241226,235.60090799964263,244.296459304145
2025-08-13,257.2550247672801,235.98316236415232,244.70284068143036
2025-08-14,255.90585774232002,235.23729161841217,243.14916623970137
2025-08-15,256.06441344039945,235.28714030447725,243.37112263716483
2025-08-18,256.4595029807521,235.72665635422314,243.89769701268511
2025-08-19,256.046512057639,235.53846561763646,243.60714468240866
2025-08-20,257.97642031499583,236.78826564656129,245.61217684979525
2025-08-21,258.7403506278316,237.32924625568228,246.721666460589
2025-08-22,259.83653405401236,237.98253508867086,247.71087578737266
2025-08-25,260.0491959289684,238.29463245140437,248.211360567729
2025-08-26,261.2834716029116,239.06240524022903,249.14053623707437
2025-08-27,260.8557634629014,238.77811975189925,248.4353807792539
2025-08-28,261.4497177420137,239.0704308896689,248.73926502889415
2025-08-29,261.86262807010746,239.32522078513944,248.5810801626624
2025-09-01,265.7339359090449,241.89225952597394,253.46602100238076
2025-09-02,264.92700526075265,241.15383264236488,251.22986752088767
2025-09-03,264.90446161859035,241.02620550975794,250.58290068630032
2025-09-04,264.5080013529569,240.63927569638568,249.9304123000004
2025-09-05,265.0121390911895,240.9620168738203,249.8991660863724
2025-09-08,265.00912599691117,240.78387981138172,248.8779024093335
2025-09-09,265.39851788916326,241.07787405611697,249.46128450692567
2025-09-10,266.5315633640609,241.81704817563107,250.80229855177222
2025-09-11,265.4023850406137,241.16659918436167,249.267180319766
2025-09-12,265.7114867565186,241.35565313364208,249.44744519906774
2025-09-15,269.8528951193535,244.03511036251035,254.77368065387606
2025-09-16,270.94295517711134,244.63625644709342,256.1477113343748
2025-09-17,270.4469549042855,244.5185165229909,255.929004507888
2025-09-18,269.2178223135346,243.83190983711987,254.5598465279353
2025-09-19,271.8556504291289,245.57783935146097,257.3420256197432
2025-09-22,274.50367448734517,247.09582822910042,259.9046309367509
2025-09-23,274.67493181597297,247.2698401976659,259.75595335449555
2025-09-24,274.33169017015024,247.1592551056928,259.50006246182437
2025-09-25,274.45932428608296,247.2619318848755,259.44913110651214
2025-09-26,273.2132585748153,246.1450131169303,257.5271875815783
2025-09-29,274.9818873663762,247.37703109588816,258.3151794187901
2025-09-30,275.68999497047355,247.73749956347763,258.73558463882284
2025-10-01,277.02566116326125,248.639179898614,260.63559688356304
2025-10-02,276.43890327764353,248.34268133737498,259.73601514693553
2025-10-03,275.88245170050135,248.01198976397498,258.30584850949174
2025-10-06,277.3090792956098,248.59792699122985,258.72068442408124
2025-10-07,278.29297848264207,249.15858837996572,259.5984613513116
2025-10-08,278.13294816900884,248.94956593341337,259.04142827040323
2025-10-09,277.3951572758473,248.64500278999463,258.14663810476515
2025-10-10,278.2364206786731,249.2253341735453,258.7020252244013
2025-10-13,279.7511124257839,249.781770471113,258.9784581776617
2025-10-14,279.3197267976588,249.37663037881055,257.719276922845
2025-10-15,281.3308128726005,250.58564076262786,259.61595692502823
2025-10-16,284.34255171022863,251.97168273952707,261.00751270511125
2025-10-17,280.61993339184494,250.0110953244449,257.7296005786905
2025-10-20,284.6831923554421,252.02233884838833,261.74981847715435
2025-10-21,279.133930183366,249.721563233758,258.013649022149
2025-10-22,279.67923954292615,250.12910468274077,258.85378534048874
2025-10-23,280.8045931658914,250.75791350864176,259.77313639470754
2025-10-24,282.2293716701112,251.74444286728206,262.1411611740377
2025-10-27,278.80541559028796,249.77135865510814,259.4458168568494
2025-10-28,278.4214104472203,249.8138610068786,259.40715914437794
2025-10-30,280.03591014908943,250.64292117080055,260.2550017056151
2025-10-31,279.9893176683162,250.88852591419584,260.5911796381045
2025-11-03,283.11608589557403,253.01481814550561,265.0561788299287
2025-11-04,280.818875751524,251.73227998730846,262.9688272280739
2025-11-05,282.1765113108657,252.56151470781217,264.07530641375183
2025-11-06,283.27787683476936,253.23591855031256,265.19874408593347
2025-11-07,282.88696171004545,253.08071994014608,264.18630996817853
2025-11-10,285.0520428740515,254.09678255224424,264.9962645604762
2025-11-11,284.15498441900826,253.37572123160734,263.3192744768766
2025-11-12,285.70150485198144,253.97865522339833,264.7662038033611
2025-11-13,285.3650042482382,253.98321982468988,264.23340615920483
2025-11-14,282.71328083081244,252.60896130065424,262.19831543339467
2025-11-17,282.56984436978206,252.80181920847846,262.588119062695
2025-11-18,283.63285210766134,253.4307302426692,263.43002192095867
2025-11-19,285.5977550726911,254.61775966285504,265.63835027431804
2025-11-20,285.81028908755394,254.90121622924678,266.1261993720537
2025-11-21,285.34810933451365,254.82509636838674,265.7046936683888
2025-11-24,286.89261910579233,255.54326232834845,266.5338389599497
2025-11-25,286.59938952429565,255.40533404834468,266.19315722717374
2025-11-26,288.02121075473605,256.25394537351906,267.6286215233337
2025-11-27,288.2791248364166,256.4570975780819,267.99560002028335
2025-11-28,289.8582673782302,257.41818547777893,269.1945527624616
2025-12-01,291.10082224427936,258.1833297148554,271.0186371987364
2025-12-02,290.8555288102214,258.0137799870427,271.03645590365744
2025-12-03,290.20519616608095,257.77534876672746,270.1154579885967
2025-12-04,289.7978573672657,257.63860884436383,269.39837174351027
2025-12-05,290.4075691455115,258.1282518544798,270.2420718774722
2025-12-08,291.3268139360082,258.8718361599285,271.6146792228415
2025-12-09,292.1686312811752,259.41599568953217,272.4562309260663
2025-12-10,292.55223821081756,259.5958479878404,272.50920824522694
2025-12-11,293.82003805500796,260.2544692148418,273.4418777645099
2025-12-12,295.05722479634716,261.12436970775974,274.5092823265563
2025-12-15,296.18373265174284,261.87009170406367,275.9881039613036
2025-12-16,295.4792503303011,261.38551411376886,274.92873026228096
2025-12-17,295.91131595102104,261.54904673480104,274.9430705406013
2025-12-18,296.24587155900537,261.8503429689703,275.32080872972887
2025-12-19,296.5212064448029,262.08892947410817,275.7011709782128
2025-12-22,299.5263012892693,263.65062768265267,277.6992720689582
2025-12-23,300.6452482122225,264.35182715873407,278.38268303074346
2025-12-24,300.61892990719497,264.48422441893155,278.7200586572077
2025-12-25,300.7848055335732,264.5479164533737,278.6654594637892
2025-12-26,301.5009451158084,264.8906899911875,279.05531195849136
2025-12-29,296.9473065554914,262.7286666644918,275.6050352234335
2025-12-30,297.64381849230546,263.3167125052939,276.72142870569047
2025-12-31,296.91727238798404,263.00923692146966,276.2310822416243
2026-01-02,302.18274230159096,266.54291548583865,282.95701154450774
2026-01-05,306.2167252047002,268.86554333289394,286.6923653709046
2026-01-06,309.2262871345826,270.6399100446559,289.9788859092887
2026-01-07,308.3294679898519,270.1894604984057,289.2546937319842
2026-01-08,308.9048771289778,270.50117358179267,289.6717053982377
2026-01-09,310.02103836367303,271.13819060280673,290.80133483947026
2026-01-12,313.14533450118563,272.90097341444,293.26198279025044
2026-01-13,313.9205123759415,273.4855978068655,294.3079905468233
2026-01-14,314.3885703302947,273.79011551005186,294.58905691161675
2026-01-15,315.23030846182195,274.39130897696253,295.59717019202606
2026-01-16,315.7945770305184,274.880424083011,296.5066173052157
2026-01-19,317.98888701614385,276.0553154746606,298.41046615583895
2026-01-20,320.4315886347843,277.3444075128297,300.1820705764389
2026-01-21,320.2045902829247,277.1623072167061,299.5071776130345
2026-01-22,325.0867954883275,279.6726462102115,303.3574681401392
2026-01-23,327.23057385521804,281.16803395560413,305.51982608580255
2026-01-26,329.83307862331515,282.68271306768645,308.2859230469742
2026-01-27,332.22198662326696,283.8829413056412,309.467787534962
2026-01-28,342.92923946198215,289.35360350637194,317.6912812179034
2026-01-29,340.9007840159895,288.7898441323658,318.0047312509878
2026-01-30,330.1285006754358,283.74380829888884,310.94610359958835
2026-02-02,326.5021118066678,281.6477905205742,307.5044887404071
2026-02-03,332.0314143106519,284.63202727769243,312.185038655836
2026-02-04,333.42382647075516,285.2626917449169,312.95645779661504
2026-02-05,324.7362395909591,280.85136039588446,305.75340686560764
2026-02-06,330.6867773915721,283.8152019105643,309.4076527647455
2026-02-09,333.9217528469877,285.6350353565982,312.7823348955374
2026-02-10,333.8966308445556,285.67725705675065,312.47396403638663
2026-02-11,334.7433539097763,286.1434784726413,313.249470015803
2026-02-12,334.069448708287,286.1578248022083,314.5065242675808
2026-02-13,337.1166690919055,287.8200396383983,316.7947996028541
2026-02-16,336.95834782609865,287.996055080851,317.3352106289701
2026-02-17,332.98457980980174,285.94117339463764,313.9877887602828
2026-02-18,336.43795030479095,287.82130397909225,316.6999523779922
2026-02-19,335.01711305100474,286.85039170608337,314.3276969487164
2026-02-20,338.41031421109807,288.6565634985944,316.879160333027
2026-02-23,342.374896510498,290.7577427577274,320.19830815127744
2026-02-24,340.43932133982736,289.8917933125428,318.8793735948674
2026-02-25,339.6067557122245,289.3011498463284,317.45053823460677
2026-02-26,340.84502786225045,290.05742552827695,318.58085346929
2026-02-27,342.65943131020293,290.960920203339,319.6396552864894
2026-03-02,344.6868593001052,292.07452957346084,321.18058052242367
2026-03-03,337.1912862896244,287.98137948584605,314.312460164484
2026-03-04,338.98996594150026,289.0308709738773,316.11936886108293
2026-03-05,337.5809650767084,288.39997976311554,315.20755243087916
2026-03-06,338.21765220783453,288.63587927653026,314.5038785576705
2026-03-09,337.527716678211,288.26521635031384,314.1246305900489
2026-03-10,340.72767007901126,289.98492354541537,317.43057154772725
2026-03-11,339.7924942443528,289.71705002637407,317.21390059189565
2026-03-12,339.38860394102795,289.623582186808,316.9866436234409
2026-03-13,336.5548276166517,288.1655933192352,314.1477077987779
2026-03-16,335.7068298579393,287.5584777824965,313.1606341723832
2026-03-17,336.98925756195837,288.44109475985834,315.03041346382605
2026-03-18,332.64153237192033,286.2810326122487,311.59854294684413
2026-03-19,327.60428122043,283.92658199228595,307.8421847248875
2026-03-23,323.6253319504483,282.06848239888535,305.8617587444559
2026-03-24,324.21943027547644,281.9336366260957,304.46203362745877
2026-03-25,323.51882846079513,281.63614845402645,304.3372891908335
2026-03-26,319.7243920694551,279.5089517527915,300.5576804101034
2026-03-27,321.9388491331026,280.79313688628764,301.88663774859504
2026-03-30,321.9838296921434,280.75287846982735,301.5167260310278
2026-03-31,327.31034893528715,283.53015933812804,305.6333968510357
2026-04-01,330.85952200684443,285.571988997605,308.9579674682143
2026-04-02,329.13184207886803,284.94176035696637,308.61324366023587
2026-04-06,330.02417998380685,285.7564374446853,309.7108243109011
2026-04-07,333.0017933949702,287.09511705220547,310.75855822199225
2026-04-08,333.7020065130648,287.89588987147584,314.0965518768577
2026-04-09,336.53125055712957,289.6880742743295,316.9307627403077
2026-04-10,338.3061441179305,291.04157097869006,319.7696160361498
2026-04-13,339.1235574288167,291.58807954014355,320.45792285219187
2026-04-14,341.37604664425623,292.7586374087711,321.9620163387813
2026-04-15,341.55975800934306,293.05751151864996,322.49955027128533
2026-04-16,340.62534385444815,292.6509975909324,321.4222172726484
2026-04-17,343.9313212616135,294.745869659576,325.3002913442044
2026-04-20,343.3269087486103,294.4286571256607,324.5315710510492
2026-04-21,340.95177040503563,293.2792484210261,322.64951647941257
2026-04-22,340.79025436880676,293.2877840667727,322.57134476316514
2026-04-24,340.41764674185623,293.1702536538033,322.07079224123726
2026-04-27,340.80233921720327,293.4877545023471,322.7444849001819
2026-04-28,337.3911115786896,291.65242084277355,319.6270210515023
2026-04-29,336.4431895822558,291.31866015453477,318.47847482881224
